MEM_NO,MEM_ID,MEM_NAME,MEM_PWD,MEM_TEL,MEM_EMAIL,MEM_ADDRESS,MEM_DETAIL_ADDRESS,MEM_ENROLLDATE,MEM_STATUS,MEM_DEL_DATE,MEM_DEL_DETAIL,MEM_ADS,MEM_BLOCK,MEM_REPORT
1,malddong,김말똥,pass01,012-6080-8282,aadh678@petnolja.com,"	서울특별시광진구아차산로78길 53(광장동, 동북아 스위트힐아파트)",907동 1002호,2019-10-08,Y,,,N,N,0
2,gesun,강개순,pass01,012-6080-8283,abns857@petnolja.com,"	서울특별시구로구신도림로 32(신도림동, 신도림5차 e-편한세상)",808동 907호,2020-05-04,Y,,,N,N,0
3,boram,강보람,pass01,012-6080-8284,abns858@petnolja.com,"	서울특별시종로구종로65길 12-4(숭인동, 탑스빌)",805동 508호,2020-10-31,Y,,,Y,N,0
4,tomato,김마토,pass01,012-6080-8285,abns859@petnolja.com,"	서울특별시서초구서운로9길 63(서초동, 동원베네스트아파트)",705동 401호,2020-10-20,Y,,,N,N,0
5,naldpark,박날드,pass01,012-6080-8286,abns860@petnolja.com,"	서울특별시동작구대방동길 10(대방동, 신대방타워)",405동 906호,2020-09-05,Y,,,Y,N,0
6,gegul,김개굴,pass01,012-6080-8287,abns861@petnolja.com,"	경기도 고양시 덕양구 중앙로633번길 26(토당동, 유일아파트)",101동 704호,2021-03-16,Y,,,Y,N,0
7,revipark,박정빈,pass01,012-6080-8288,abns862@petnolja.com,"	서울특별시서대문충정로 30(충정로3가, 충정아파트)",1007동 906호,2019-10-31,Y,,,Y,N,0
8,jinlee,주이진,pass01,012-6080-8289,abns863@petnolja.com,"	인천광역시서구 승학로 334(연희동, 중앙아파트)",205동 606호,2019-09-25,Y,,,N,N,0
9,kyung,최서경,pass01,012-6080-8290,abns864@petnolja.com,"	경기도 성남시 수정구 단대로23번길 32(단대동, 진로아파트)",109동 1001호,2021-02-03,Y,,,Y,N,0
10,yjqg3937,남은경,pass01,012-6080-8291,abns865@petnolja.com,"	경기도 수원시 권선구 호매실로166번길 10(호매실동, 호매실능실마을22단지)",607동 102호,2020-05-28,Y,,,Y,N,0
11,jaxu6304,홍윤화,pass01,012-6080-8292,akos250@petnolja.com,"	서울특별시용산구효창원로70길 18(효창동)",205동 709호,2020-10-22,Y,,,Y,N,0
12,geddong,김개똥,pass01,012-6080-8293,akzb871@petnolja.com,"	경기도 시흥시 신천로44번길 17(신천동, 동진아파트)",502동 704호,2020-04-07,Y,,,Y,N,0
13,azpr7028,송가선,pass01,012-6080-8294,alvq686@petnolja.com,"	서울특별시광진구자양로32길 16(구의동, 도성아파트)",602동 108호,2020-02-22,Y,,,N,N,0
14,afjo843,최서신,pass01,012-6080-8295,amep13@petnolja.com,"	서울특별시송파구올림픽로 99(잠실동, 잠실엘스)",405동 201호,2020-08-01,N,2020-09-15,테스트용으로 희생됨,N,N,0
15,mlfe353,백서민,pass01,012-4464-1428,atry189@petnolja.com,"	서울특별시강서구양천로14길 86-13(방화동, 태승훼미리2차아파트)",403동 709호,2021-02-11,Y,,,Y,N,0
16,gunc1382,염하송,pass01,012-9264-9840,audz146@petnolja.com,"	서울특별시서초구명달로6길 24(서초동, 래미안서초3차)",702동 908호,2019-06-03,Y,,,Y,N,0
17,nucd6389,문교재,pass01,012-9273-4391,avio979@petnolja.com,"	서울특별시서초구반포대로22길 54(서초동, JC라디앙)",805동 1001호,2019-01-02,Y,,,Y,N,0
18,jftk163,강도휘,pass01,012-3482-9939,avlt610@petnolja.com,"	인천광역시부평구장제로 49(부평동, 태강아파트빌)",602동 704호,2020-08-02,Y,,,Y,N,0
19,crkn3394,곽나한,pass01,012-5486-7607,avyh309@petnolja.com,"	서울특별시강남구압구정로77길 42(청담동, 청담진도빌라)",301동 206호,2020-01-11,Y,,,N,N,0
20,cjhh5640,진의욱,pass01,012-5619-3418,awlx532@petnolja.com,"	서울특별시강서구금낭화로 162(방화동, 방화메이빌아파트)",509동 708호,2020-07-13,Y,,,N,N,0
21,flua7620,임근향,pass01,012-2790-3161,axcj480@petnolja.com,"	서울특별시구로구고척로60길 30(고척동, 벽산베스트블루밍아파트)",402동 504호,2020-01-14,Y,,,Y,N,0
22,kocs119,편우호,pass01,012-9441-6960,azhc751@petnolja.com,"	경기도 성남시 분당구 성남대로 449(정자동, 로얄팰리스)",602동 305호,2020-09-21,Y,,,Y,N,0
23,vrhb4558,송규경,pass01,012-7220-9543,azmh857@petnolja.com,"	서울특별시강북구도봉로 261(수유동, 삼호아파트, 수유프라자)",909동 108호,2021-03-21,Y,,,Y,N,0
24,odbb2467,홍의운,pass01,012-7640-9772,azmt493@petnolja.com,"	경기도 부천시 신흥로16번길 27(심곡동, 삼융아파트 오피스텔)",607동 807호,2020-04-09,Y,,,Y,N,0
25,obav4367,양휘름,pass01,012-9479-2338,batb452@petnolja.com,"	서울특별시서초구반포대로18길 36(서초동, 서초센트럴IPARK)",104동 705호,2020-12-22,Y,,,Y,N,0
26,mtia411,백서승,pass01,012-7122-2815,bbxp254@petnolja.com,"	서울특별시서초구동광로24길 15-4(방배동, 방배 다움샤인힐)",405동 709호,2020-10-07,Y,,,Y,N,0
27,tdxs7051,손선비,pass01,012-3220-2160,bdix66@petnolja.com,"	서울특별시관악구대학7길 26(신림동, 관악아파트)",903동 305호,2019-09-24,Y,,,Y,N,0
28,ndnl6646,백예준,pass01,012-5624-3946,bedb429@petnolja.com,"	경기도 수원시 영통구 동수원로537번길 50(원천동, 아주아파트)",404동 405호,2020-04-10,Y,,,Y,N,0
29,ykvp8669,송기림,pass01,012-1267-4750,bluv93@petnolja.com,"	경기도 연천군 전곡읍 전영로11번길 2-10(동원아파트)",104동 809호,2020-05-25,Y,,,Y,N,0
30,svzn778,정선향,pass01,012-8540-2260,bmgw605@petnolja.com,"	경기도 고양시 일산동구 숲속마을로 68(풍동, 숲속마을6단지아파트)",204동 308호,2019-08-12,Y,,,Y,N,0
31,qbqr3884,오휘림,pass01,012-8489-8226,bnqm406@petnolja.com,"	인천광역시부평구백범로540번길 41(십정동, 천일아파트)",1009동 507호,2019-06-06,Y,,,Y,N,0
32,iwfa8460,조고비,pass01,012-5671-1287,bphd766@petnolja.com,"	서울특별시강동구천중로51길 97(명일동, 다성시티아파트)",503동 707호,2019-01-10,Y,,,Y,N,0
33,uoez5781,민지름,pass01,012-4620-8314,bqia110@petnolja.com,"	경기도 화성시 장안면 사랑길 13(산호아파트)",607동 803호,2020-08-10,Y,,,Y,N,0
34,nsxb5884,엄해기,pass01,012-3565-8062,bqmj451@petnolja.com,"	서울특별시강서구까치산로 166-10(화곡동, 진성아파트)",109동 906호,2019-05-12,Y,,,Y,N,0
35,kxmr4752,백해란,pass01,012-7195-6546,bucv450@petnolja.com,"	인천광역시계양구장제로933번길 10(방축동, 한성아파트)",708동 105호,2020-08-23,Y,,,Y,N,0
36,yzyi2754,배준온,pass01,012-8920-2376,bvnb40@petnolja.com,"	서울특별시서대문독립문로 10(영천동, 독립문삼호아파트)",508동 1001호,2020-06-07,Y,,,Y,N,0
37,ucim6318,신시온,pass01,012-8960-8120,bvno49@petnolja.com,"	인천광역시부평구주부토로75번길 32(부평동, 드림타운)",805동 407호,2019-03-20,Y,,,Y,N,0
38,hgpp3533,오소채,pass01,012-5470-1087,bwfx262@petnolja.com,"	경기도 안산시 단원구 원선1로 38(초지동, 두산위브아파트)",803동 608호,2020-09-13,Y,,,Y,N,0
39,pnpz2360,방상향,pass01,012-3967-9157,bwkl995@petnolja.com,"	경기도 화성시 동탄지성로 334(반월동, 행림마을삼성래미안2차아파트)",601동 505호,2021-02-17,Y,,,Y,N,0
40,tlar4645,구준한,pass01,012-6517-8672,bwtu303@petnolja.com,"	인천광역시계양구계산로 171(계산동, 현대아파트)",202동 705호,2019-04-08,Y,,,Y,N,0
41,pkgt5703,장솔희,pass01,012-1758-6238,bwxt957@petnolja.com,"	서울특별시강동구동남로71길 41(명일동, 고덕현대아파트)",207동 1003호,2021-02-15,Y,,,Y,N,0
42,tdtn8864,민수당,pass01,012-7669-4365,bzkp334@petnolja.com,"	서울특별시용산구서빙고로 48(한강로3가, 철우아파트)",705동 609호,2019-10-09,Y,,,Y,N,0
43,mbwv8690,변세당,pass01,012-8537-4013,cakz345@petnolja.com,"	서울특별시서초구서리풀길 28(서초동, 서초힐하우스)",708동 807호,2019-10-22,Y,,,Y,N,0
44,foor8644,정명온,pass01,012-4438-7200,cbgi113@petnolja.com,"	경기도 구리시 원수택로32번길 70(수택동, 신원그린아파트)",506동 601호,2019-08-01,Y,,,Y,N,0
45,powy3324,우도교,pass01,012-5305-7724,ccsu239@petnolja.com,"	경기도 가평군 가평읍 중촌로 15-51(에코아파트)",308동 502호,2019-03-08,Y,,,Y,N,0
46,lxvw9896,손순하,pass01,012-8542-5240,cfed438@petnolja.com,"	서울특별시중랑구답십리로77길 139(면목동, 면목두산아파트)",807동 608호,2019-09-15,Y,,,Y,N,0
47,ooqf3276,표진정,pass01,012-8981-6829,cfve240@petnolja.com,"	경기도 부천시 경인로425번길 60(괴안동, 광명아파트)",205동 205호,2019-02-13,Y,,,Y,N,0
48,bmmh5435,민순휘,pass01,012-5137-3669,cgkn232@petnolja.com,"	서울특별시강서구마곡중앙1로 72(마곡동, 마곡엠밸리10단지)",306동 303호,2019-08-10,Y,,,N,N,0
49,raon4182,임초인,pass01,012-7151-9930,chpi957@petnolja.com,"	서울특별시서초구신반포로15길 19(반포동, 아크로리버파크)",704동 507호,2020-01-17,Y,,,Y,N,0
50,eter3149,문선린,pass01,012-6415-2471,cjof947@petnolja.com,"	경기도 광주시 벼루개길42번길 24-4(태전동, 힐스테이트 태전2차 에듀포레)",404동 308호,2021-04-16,Y,,,N,N,0
51,bohe3745,차시린,pass01,012-3869-9247,cqip315@petnolja.com,"	서울특별시금천구탑골로2길 24(시흥동, 금광포란재아파트)",709동 1004호,2020-09-24,Y,,,N,N,0
52,hwrr4546,전고지,pass01,012-5145-8143,cqvg746@petnolja.com,"	서울특별시관악구낙성대로15길 66(봉천동, 인헌아파트)",505동 207호,2021-02-09,Y,,,Y,N,0
53,vilb9959,우여림,pass01,012-2239-5618,crhf98@petnolja.com,"	인천광역시부평구부흥북로36번길 16(부평동, 금호아파트)",604동 801호,2021-03-31,Y,,,Y,N,0
54,unqk9586,탁준정,pass01,012-9424-3594,csju433@petnolja.com,"	서울특별시노원구노원로1길 121(공릉동, 청수대)",908동 503호,2019-07-01,Y,,,Y,N,0
55,qqxb5634,석휘효,pass01,012-3047-1501,ctgw277@petnolja.com,"	경기도 남양주시 별내3로 23(별내동, 미리내마을 4-4단지)",803동 609호,2020-10-14,Y,,,Y,N,0
56,qyea2902,문태원,pass01,012-8847-4783,cyvm415@petnolja.com,"	경기도 화성시 동탄기흥로 479-12(오산동, 동탄역 반도유보라 아이비파크6.0)",1005동 805호,2020-06-11,Y,,,Y,N,0
57,jhbh5525,손양옥,pass01,012-2848-6717,dbvm294@petnolja.com,"	인천광역시미추홀승학길104번길 30(주안동, 인천주안한신휴플러스)",305동 406호,2020-03-19,Y,,,Y,N,0
58,zfre4134,진명비,pass01,012-5754-3341,dczx461@petnolja.com,"	경기도 용인시 처인구 포곡읍 전대로120번길 7-9(보성아파트)",105동 709호,2020-04-25,N,2020-06-09,테스트용으로 희생됨,Y,N,0
59,njmg1417,신순서,pass01,012-7184-6512,dfgg61@petnolja.com,"	서울특별시은평구진흥로 267(불광동, 북한산래미안아파트)",204동 707호,2019-10-26,Y,,,Y,N,0
60,cgig6248,석희연,pass01,012-9719-5320,dgse970@petnolja.com,"	경기도 남양주시 와부읍 도심길 23-1(우송아파트)",501동 801호,2020-11-27,Y,,,N,N,0
61,rtwv9987,박슬윤,pass01,012-4072-5001,ditt986@petnolja.com,"	경기도 성남시 중원구 시민로 25(하대원동, 주원아파트)",1008동 1005호,2019-02-28,Y,,,Y,N,0
62,dhwc7307,이고옥,pass01,012-5052-7329,djfz233@petnolja.com,"	경기도 시흥시 대은로103번길 4(대야동, 동신아파트)",409동 1005호,2019-02-15,Y,,,N,N,0
63,bygx2442,여초운,pass01,012-6480-9047,djzd134@petnolja.com,"	서울특별시강서구공항대로61길 60(염창동, 태영송화아파트)",509동 1001호,2021-01-01,Y,,,N,N,0
64,tziq1937,류소미,pass01,012-4209-2758,dmvq192@petnolja.com,"	경기도 용인시 수지구 동천로153번길 6(동천동, 한빛마을 래미안 이스트팰리스 4단지)",809동 907호,2020-12-24,Y,,,Y,N,0
65,ymcr4076,우병예,pass01,012-4594-1491,dncf804@petnolja.com,"	서울특별시서초구청두곶길 14(방배동, 두원아파트)",904동 809호,2019-03-23,Y,,,Y,N,0
66,rgao5599,남현비,pass01,012-8793-1584,dnxc195@petnolja.com,"	경기도 파주시 정담길 85-7(금촌동, 동문아파트)",903동 409호,2019-07-29,Y,,,Y,N,0
67,drfm8666,표아효,pass01,012-5375-8827,dpiu751@petnolja.com,"	서울특별시서초구주흥3길 17(반포동, 반포쎄레노아파트)",102동 909호,2021-01-04,Y,,,N,N,0
68,fxav8367,양서름,pass01,012-9957-1383,dpuc507@petnolja.com,"	경기도 안산시 단원구 신길로 50(신길동, 휴먼시아)",904동 904호,2020-12-30,Y,,,Y,N,0
69,vpdh8137,여솔채,pass01,012-7474-3688,dvnf638@petnolja.com,"	서울특별시중랑구망우로 500(망우동, 다우하임 아파트)",106동 1006호,2020-09-02,Y,,,Y,N,0
70,jpby1487,탁성하,pass01,012-4715-6943,dwmi280@petnolja.com,"	경기도 안양시 만안구 예술공원로64번길 28(안양동, 신라아파트)",903동 203호,2019-12-14,Y,,,Y,N,0
71,qucp5083,안슬인,pass01,012-7088-6812,dxys216@petnolja.com,"	서울특별시용산구이촌로14길 11-6(이촌동, 시범아파트)",608동 305호,2019-08-22,Y,,,Y,N,0
72,thbe1008,나슬리,pass01,012-8444-5858,dzfu191@petnolja.com,"	경기도 용인시 기흥구 이현로29번길 72-41(보정동, 성호샤인힐즈아파트)",905동 104호,2020-04-26,Y,,,Y,N,0
73,ogfw42,허초현,pass01,012-7057-6480,eaab519@petnolja.com,"	경기도 고양시 덕양구 오부자로 43(지축동)",304동 908호,2020-12-04,Y,,,Y,N,0
74,fpws7757,차경당,pass01,012-5604-9470,eaap397@petnolja.com,"	경기도 남양주시 진접읍 해밀예당1로 51(자연앤어울림아파트)",603동 501호,2019-10-19,Y,,,Y,N,0
75,rklc5335,장나예,pass01,012-8356-8087,eacx696@petnolja.com,"	서울특별시강서구화곡로59길 59(화곡동, 올림푸스아파트)",808동 808호,2019-05-15,Y,,,Y,N,0
76,refe6773,하한기,pass01,012-1108-2855,eaqs763@petnolja.com,"	서울특별시도봉구마들로 657(방학동, 이에스에이아파트)",502동 703호,2020-03-30,Y,,,Y,N,0
77,uvua8773,방서솔,pass01,012-6326-9947,ebag449@petnolja.com,"	경기도 오산시 내삼미로 109(내삼미동, 삼미마을16단지아파트)",408동 907호,2020-01-05,Y,,,Y,N,0
78,jjpr889,오이연,pass01,012-5378-6878,ehai581@petnolja.com,"	경기도 파주시 금릉이길 55(금릉동, 진달래)",905동 608호,2020-02-19,Y,,,Y,N,0
79,pkvb8863,주재향,pass01,012-7860-2539,ehif62@petnolja.com,"	경기도 평택시 상서재로 55(동삭동, 평택센트럴자이 3단지)",207동 903호,2020-10-25,Y,,,Y,N,0
80,wdkr52,강미당,pass01,012-6366-1008,ehwr78@petnolja.com,"	서울특별시송파구오금로44길 47(가락동, 동궁리치웰아파트)",708동 907호,2020-07-26,Y,,,Y,N,0
81,eukf9090,주도온,pass01,012-8000-9720,ejcm418@petnolja.com,"	경기도 시흥시 미산로69번길 4(미산동, 상아그린아파트)",707동 504호,2020-01-16,Y,,,N,N,0
82,rmrm6806,나한당,pass01,012-4527-1695,eqjn302@petnolja.com,"	서울특별시구로구새말로9길 22(구로동, 일신건영아파트)",307동 409호,2020-10-08,Y,,,Y,N,0
83,dmng1868,최희신,pass01,012-3852-6162,etgi667@petnolja.com,"	서울특별시강서구등촌로13자길 51(화곡동, 미주아파트)",203동 505호,2020-06-13,Y,,,N,N,0
84,xsbv2077,신초세,pass01,012-7190-5376,eupu491@petnolja.com,"	인천광역시남동구용천로 177(간석동, 리더스아파트)",504동 1006호,2020-04-15,Y,,,Y,N,0
85,nfkn5306,배의한,pass01,012-1774-9103,eyzj951@petnolja.com,"	서울특별시강동구풍성로38길 22(성내동, 성내동삼성아파트)",703동 109호,2019-04-18,Y,,,Y,N,0
86,pglj322,양김수,pass01,012-5925-7174,ezhe337@petnolja.com,"	경기도 평택시 매봉산1길 16(비전동, 동아동백아파트)",706동 606호,2019-12-15,Y,,,Y,N,0
87,fhtq1052,전지언,pass01,012-4034-4050,ezno972@petnolja.com,"	경기도 수원시 영통구 삼성로 308(원천동, 신미주아파트)",909동 407호,2019-06-18,N,2019-08-02,테스트용으로 희생됨,Y,N,0
88,fdly8154,조슬수,pass01,012-5621-7565,fbfb305@petnolja.com,"	인천광역시부평구시장로79번길 30(부평동, 플러스아파트)",509동 301호,2021-03-07,Y,,,Y,N,0
89,yznx4247,유하준,pass01,012-3561-8146,feim606@petnolja.com,"	서울특별시노원구섬밭로 134(공릉동, 풍림아파트)",302동 208호,2020-04-01,Y,,,Y,N,0
90,bdnr9837,변진나,pass01,012-2411-5744,fesf777@petnolja.com,"	인천광역시남동구구월말로4번길 5(구월동, 벽산아파트)",701동 404호,2021-04-13,Y,,,N,N,0
91,hvbg4149,신도빈,pass01,012-8320-1586,ffos427@petnolja.com,"	서울특별시용산구독서당로 46(한남동, 한남아이파크)",801동 409호,2021-02-14,Y,,,Y,N,0
92,rrtf8198,차민정,pass01,012-2951-6962,fhkn74@petnolja.com,"	서울특별시은평구응암로21가길 21(응암동, 삼성맨션)",508동 104호,2019-02-18,Y,,,Y,N,0
93,iidd8835,하혜임,pass01,012-2204-1686,fihn937@petnolja.com,"	서울특별시강동구올림픽로78길 11-29(천호동, 다성시티아파트)",901동 302호,2020-07-25,Y,,,Y,N,0
94,okyd1761,지나정,pass01,012-9277-6992,fjrq925@petnolja.com,"	경기도 성남시 분당구 정자로 56(정자동, 상록마을라이프1단지아파트)",803동 405호,2019-02-21,Y,,,Y,N,0
95,febm2421,신준휘,pass01,012-8863-7038,fmly726@petnolja.com,"	서울특별시강남구광평로10길 6(일원동, 한솔마을아파트)",909동 405호,2020-10-09,Y,,,Y,N,0
96,himh7698,여서름,pass01,012-1216-4401,fnpp812@petnolja.com,"	경기도 부천시 상오정로182번길 21(원종동, 5차 동문아파트)",405동 608호,2019-08-29,Y,,,Y,N,0
97,rrtb5490,도김예,pass01,012-8402-2770,fode443@petnolja.com,"	경기도 부천시 경인로26번길 21(송내동, 삼우A.P.T)",405동 906호,2019-04-05,Y,,,Y,N,0
98,cohq3293,문태경,pass01,012-1685-1691,fohj6@petnolja.com,"	서울특별시구로구도림로6길 9(구로동)",703동 109호,2019-12-09,Y,,,N,N,0
99,xonu3267,우김준,pass01,012-4583-6376,fpay38@petnolja.com,"	경기도 양주시 백석읍 호명로 87(샘터마을 태영아파트)",204동 1004호,2020-08-28,Y,,,Y,N,0
100,yjbu4118,정원경,pass01,012-4272-2640,fpqa58@petnolja.com,"	경기도 고양시 일산동구 중앙로 1129(장항동, 호수마을1단지아파트)",501동 106호,2020-04-05,Y,,,Y,N,0
101,rrbm8672,신정호,pass01,012-3309-1320,frfs860@petnolja.com,"	서울특별시구로구구일로8길 92(구로동, 중앙구로하이츠아파트)",309동 903호,2019-03-18,Y,,,Y,N,0
102,wymp8767,배나림,pass01,012-7880-6371,ftaq365@petnolja.com,"	경기도 화성시 동탄순환대로10길 42(산척동)",702동 603호,2019-04-10,Y,,,Y,N,0
103,awth3947,고조은,pass01,012-7002-4004,ftqg838@petnolja.com,"	경기도 의정부시 가금로34번길 23(가능동, 힐스테이트 녹양역)",1006동 1001호,2019-12-02,Y,,,N,N,0
104,ibdn784,임지유,pass01,012-9102-8601,ftwy959@petnolja.com,"	서울특별시도봉구덕릉로 371(창동, 대우그린아파트)",901동 1005호,2019-04-21,Y,,,Y,N,0
105,ghse8875,장연정,pass01,012-4350-4466,futx604@petnolja.com,"	경기도 고양시 일산서구 강성로 256(대화동, 성저마을2단지아파트)",607동 606호,2019-04-06,Y,,,Y,N,0
106,yngi6647,박상옥,pass01,012-3076-5160,fvkk13@petnolja.com,"	경기도 오산시 수청로 121(금암동, 죽미마을휴먼시아꿈에그린11단지아파트)",506동 908호,2020-12-18,Y,,,Y,N,0
107,umwh1468,편은유,pass01,012-8080-8967,fwou744@petnolja.com,"	경기도 수원시 권선구 세권로 140(세류동, 해피하임아파트)",502동 905호,2020-10-16,Y,,,Y,N,0
108,opca6938,구김하,pass01,012-2516-2211,fwoz107@petnolja.com,"	경기도 용인시 수지구 상현로 152(상현동, 수지 휴엔하임 아파트)",1007동 505호,2020-10-12,Y,,,Y,N,0
109,atwh1516,곽희서,pass01,012-7233-5439,fzde450@petnolja.com,"	경기도 의정부시 호국로1298번길 19-17(의정부동, 예체뜰안)",702동 806호,2019-07-22,Y,,,N,N,0
110,tcgt1766,황비미,pass01,012-9113-8680,fzyg725@petnolja.com,"	경기도 남양주시 진접읍 금강로 1554-20(휴먼시아)",809동 1006호,2020-02-08,Y,,,Y,N,0
111,hihb661,방규진,pass01,012-4557-2869,ganq604@petnolja.com,"	경기도 김포시 사우중로74번길 12(사우동, 풍년마을동양신명아파트)",801동 1008호,2020-03-14,Y,,,Y,N,0
112,jfjt4255,원영나,pass01,012-6380-9498,gelw320@petnolja.com,"	서울특별시강남구봉은사로109길 66-1(삼성동, 시티아파트)",902동 505호,2021-03-30,Y,,,Y,N,0
113,ocgs7849,황순원,pass01,012-9851-1402,geqb879@petnolja.com,"	경기도 성남시 분당구 돌마로486번길 7(서현동, 효자촌동아아파트)",603동 801호,2019-11-22,Y,,,Y,N,0
114,uibq4976,여송하,pass01,012-1456-8510,gfzp274@petnolja.com,"	경기도 고양시 일산서구 고양대로 685(일산동, 일산1차현대홈타운)",207동 304호,2020-08-12,Y,,,Y,N,0
115,sdwj27,고고옥,pass01,012-9257-7835,ghoo178@petnolja.com,"	인천광역시미추홀경인북길485번길 40(도화동, 쑥골마을아파트)",307동 709호,2020-06-27,Y,,,Y,N,0
116,njlk1358,류태언,pass01,012-7306-9861,gilx306@petnolja.com,"	경기도 고양시 덕양구 대양로 317-11(고양동, 신풍주택)",1009동 701호,2020-08-06,Y,,,Y,N,0
117,gvyj9412,황하진,pass01,012-1779-9186,gipw865@petnolja.com,"	서울특별시구로구도림로6길 36(구로동)",208동 207호,2019-03-01,Y,,,Y,N,0
118,tbyg5879,송민송,pass01,012-2246-6260,gjrx688@petnolja.com,"	경기도 양주시 평화로1970번길 6(봉양동, 늘푸른마을아파트)",503동 1006호,2020-10-03,Y,,,Y,N,0
119,fbrz9561,방시래,pass01,012-5150-6402,gorn891@petnolja.com,"	경기도 성남시 수정구 위례순환로 17(창곡동, 위례31단지)",604동 709호,2021-02-18,Y,,,N,N,0
120,sqlx5751,변하수,pass01,012-8994-2088,gpqg571@petnolja.com,"	서울특별시서대문북아현로 29(북아현동, e편한세상신촌 3단지)",703동 909호,2019-04-28,Y,,,Y,N,0
121,yqre7873,송여율,pass01,012-9040-9412,gpsp292@petnolja.com,"	서울특별시서대문통일로37나길 52(홍제동, 동일아파트5차)",1005동 307호,2019-01-01,N,2019-02-15,테스트용으로 희생됨,Y,N,0
122,blur4413,류솔완,pass01,012-1342-9050,gqgj574@petnolja.com,"	경기도 부천시 소사로 855(원종동, 세창짜임아파트)",702동 809호,2021-02-02,Y,,,N,N,0
123,ttpn9523,임승임,pass01,012-5882-8051,gsxt39@petnolja.com,"	서울특별시노원구덕릉로118길 29(상계동, 불암현대아파트)",601동 803호,2020-10-19,Y,,,Y,N,0
124,etsq4622,홍휘늘,pass01,012-1991-6101,gtxp304@petnolja.com,"	인천광역시미추홀낙섬중로 20(용현동, 한양아파트)",305동 507호,2019-10-30,Y,,,N,N,0
125,wluv9184,이규예,pass01,012-5046-8193,gvod171@petnolja.com,"	서울특별시강동구상암로 210-32(명일동, 에스엠해그린아파트)",905동 504호,2021-01-08,Y,,,Y,N,0
126,uunt5523,양서윤,pass01,012-1400-3709,gvqg678@petnolja.com,"	서울특별시관악구봉천로33길 8(봉천동)",605동 204호,2019-05-07,Y,,,Y,N,0
127,mrpz9819,배소성,pass01,012-7584-4718,gxgo883@petnolja.com,"	서울특별시동대문정릉천동로 58(용두동, 롯데캐슬피렌체)",203동 701호,2020-04-24,Y,,,Y,N,0
128,rfmr9732,장은란,pass01,012-6129-8829,hase48@petnolja.com,"	경기도 부천시 장말로 253(중동, 라비앙힐스)",109동 1003호,2019-10-17,Y,,,Y,N,0
129,hceo8597,박규호,pass01,012-6078-8480,hbdh525@petnolja.com,"	서울특별시강남구도곡로69길 16(대치동, 청원아파트)",1002동 202호,2020-10-17,Y,,,Y,N,0
130,ceoq4581,민고성,pass01,012-2382-7203,hbgf973@petnolja.com,"	서울특별시성동구금호로 140(금호동1가, 이편한세상금호파크힐스)",501동 101호,2020-07-21,Y,,,N,N,0
131,ddjn6334,원수윤,pass01,012-9846-6669,hbzg398@petnolja.com,"	경기도 화성시 동탄대로1길 96(장지동, 엔에이치에프엘크루)",904동 905호,2019-04-19,Y,,,N,N,0
132,hfab6932,김현옥,pass01,012-6791-8641,hdug263@petnolja.com,"	서울특별시강동구양재대로91나길 44(성내동, 삼진아파트)",807동 207호,2019-09-23,Y,,,Y,N,0
133,fweu1460,강연안,pass01,012-9943-9745,hgle481@petnolja.com,"	경기도 구리시 원수택로32번길 75(수택동, 성경훼미리아파트)",1005동 701호,2020-01-25,Y,,,Y,N,0
134,ceue7801,신지현,pass01,012-3430-5767,hgnk382@petnolja.com,"	서울특별시송파구위례성대로 114(방이동, 대양코리아나타워)",107동 105호,2019-02-03,Y,,,N,N,0
135,tdqo9331,탁가호,pass01,012-7207-0660,hhzg735@petnolja.com,"	서울특별시구로구구로동로28길 64-12(구로동, 남촌홈타운)",505동 304호,2020-12-09,Y,,,Y,N,0
136,zgtz984,신도래,pass01,012-3980-7056,hlnr148@petnolja.com,"	인천광역시서구 가정로223번길 27(석남동, 석남 금호어울림)",603동 301호,2019-01-25,Y,,,Y,N,0
137,ildx5619,박연온,pass01,012-5473-3349,hnwt816@petnolja.com,"	경기도 의정부시 능곡로 70(신곡동, 으뜸마을신명아파트)",1009동 606호,2021-03-15,Y,,,Y,N,0
138,jmse5318,서다예,pass01,012-1105-5711,hoeo246@petnolja.com,"	서울특별시금천구문성로 10(독산동, 동은노보빌아파트)",204동 408호,2019-08-23,Y,,,Y,N,0
139,guvk2777,송기소,pass01,012-9214-1326,hokw795@petnolja.com,"	서울특별시관악구조원로12길 28(신림동, 늘푸른아파트)",705동 302호,2020-12-02,Y,,,Y,N,0
140,cryf6504,류근선,pass01,012-9130-5778,hqhl346@petnolja.com,"	경기도 의정부시 신흥로 57-14(호원동, 호원동한승미메이드아파트)",905동 208호,2019-05-11,Y,,,N,N,0
141,pzgp1947,양시주,pass01,012-6573-6226,hspf901@petnolja.com,"	서울특별시동대문답십리로56길 105(답십리동, 답십리파크자이)",806동 102호,2020-05-02,Y,,,Y,N,0
142,wvcx3070,허다경,pass01,012-7118-8905,htvt474@petnolja.com,"	서울특별시강북구도봉로76가길 15(미아동, 이너스내안에아파트)",309동 708호,2020-04-21,Y,,,Y,N,0
143,cydx7635,우미빈,pass01,012-3085-9811,hucv625@petnolja.com,"	서울특별시양천구목동중앙북로24길 65(목동, 목동효성아파트)",404동 202호,2021-03-04,Y,,,N,N,0
144,boca9009,민정민,pass01,012-9811-9034,hunq662@petnolja.com,"	경기도 수원시 권선구 호매실로166번길 33(호매실동, 힐스테이트 호매실)",403동 1003호,2021-01-09,Y,,,N,N,0
145,lldg8049,황규아,pass01,012-8128-9729,hupm222@petnolja.com,"	서울특별시양천구중앙로36길 15(신정동, 목동힐스테이트)",708동 508호,2019-09-13,Y,,,Y,N,0
146,tlis3520,표서늘,pass01,012-5462-1046,hwbu10@petnolja.com,"	경기도 광주시 벼루개길42번길 35-2(태전동, 태전파크자이)",505동 1002호,2021-02-22,Y,,,Y,N,0
147,bssp7903,허하지,pass01,012-5740-4435,hwct548@petnolja.com,"	서울특별시관악구장군봉1길 6(봉천동, 청룡동금강아미움아파트)",107동 609호,2019-04-22,Y,,,N,N,0
148,gbjp9368,방준세,pass01,012-3524-6262,hwil539@petnolja.com,"	인천광역시서구 청라사파이어로 158(청라동, 청라골드클래스)",905동 905호,2020-09-10,Y,,,Y,N,0
149,nivw6961,한이령,pass01,012-1597-5911,hwoq3@petnolja.com,"	인천광역시연수구새말로 21(연수동, 동남아파트)",101동 1003호,2020-04-29,Y,,,Y,N,0
150,rehx9053,강지란,pass01,012-9376-7934,hzde689@petnolja.com,"	인천광역시미추홀매소홀로53번길 42-1(용현동, 지오아파트)",302동 505호,2020-04-17,Y,,,Y,N,0
151,ypmg6451,도교재,pass01,012-6478-2795,hzov764@petnolja.com,"	경기도 용인시 기흥구 동백1로 12(중동, 초당마을코아루아파트)",905동 508호,2019-08-14,Y,,,Y,N,0
152,zpev663,김유인,pass01,012-6830-9797,iadx774@petnolja.com,"	경기도 용인시 처인구 금령로12번길 30(김량장동)",709동 308호,2020-11-23,Y,,,Y,N,0
153,slfn5865,곽경성,pass01,012-5990-7474,ibdc788@petnolja.com,"	서울특별시강동구양재대로101길 51-18(성내동, 우성아파트)",605동 308호,2019-01-23,Y,,,Y,N,0
154,yxlm491,노솔임,pass01,012-5909-5346,ibuy204@petnolja.com,"	인천광역시부평구부일로9번길 40(부평동, 무한홈타운)",801동 406호,2019-09-27,Y,,,Y,N,0
155,pfhu7446,정정신,pass01,012-3599-3268,igkc769@petnolja.com,"	인천광역시서구 가석로 254(석남동, 대영아파트)",505동 103호,2021-03-02,Y,,,Y,N,0
156,flgn884,지교진,pass01,012-1696-5906,ignm140@petnolja.com,"	경기도 김포시 사우중로3번길 35(사우동, 김포아파트)",802동 607호,2021-03-25,Y,,,Y,N,0
157,biyz6011,강병리,pass01,012-8585-3636,igpe665@petnolja.com,"	인천광역시미추홀토금남로 55(용현동, 한양아파트)",308동 801호,2019-08-27,Y,,,N,N,0
158,pmqx9503,류수인,pass01,012-1787-2922,iibm808@petnolja.com,"	경기도 평택시 원칠원길 56(칠원동, 동광아파트)",505동 105호,2020-12-12,Y,,,Y,N,0
159,ynxl8727,공해소,pass01,012-3144-2293,ijbb484@petnolja.com,"	서울특별시강서구양천로65길 13(염창동, 엠그린아파트)",903동 707호,2020-02-17,Y,,,Y,N,0
160,egyv5562,방시혜,pass01,012-5389-2683,ijce176@petnolja.com,"	서울특별시강동구천호대로177길 40(길동)",505동 805호,2021-01-26,Y,,,N,N,0
161,piro8738,추교련,pass01,012-7269-9870,ikmv839@petnolja.com,"	서울특별시강동구구천면로 335(암사동, 아키스아파트)",508동 602호,2020-05-01,N,2020-06-15,테스트용으로 희생됨,Y,N,0
162,huxv3594,원보세,pass01,012-8158-7043,ilzz535@petnolja.com,"	경기도 안양시 동안구 흥안대로 426-17(평촌동, 청광 플러스원 아파트)",101동 505호,2020-05-27,Y,,,Y,N,0
163,lhza5142,주도예,pass01,012-7798-8526,iodb945@petnolja.com,"	인천광역시미추홀주안로160번길 75(주안동, 글로리아파트)",501동 305호,2020-08-07,Y,,,Y,N,0
164,pbxd4703,원나교,pass01,012-9526-7083,irxf466@petnolja.com,"	서울특별시노원구덕릉로122길 12-6(상계동, 불암현대아파트)",101동 609호,2019-07-28,Y,,,Y,N,0
165,iasj4394,표희선,pass01,012-5353-4110,isai193@petnolja.com,"	경기도 남양주시 진접읍 장현로 175(신동아아파트)",605동 201호,2019-10-29,Y,,,Y,N,0
166,nlyg7982,문조재,pass01,012-8973-4632,isbt633@petnolja.com,"	서울특별시금천구시흥대로47길 35(시흥동, 스카이아파트)",804동 1008호,2019-07-23,Y,,,Y,N,0
167,mpxw1672,김태운,pass01,012-6988-3166,itqf610@petnolja.com,"	인천광역시부평구부평문화로 137(부평동, 부광쉐르빌아파트)",401동 504호,2020-12-07,Y,,,Y,N,0
168,uhuu8371,차휘늘,pass01,012-6224-9427,iuld620@petnolja.com,"	경기도 안양시 동안구 평촌대로253번길 18(비산동, 샛별한양아파트)",307동 903호,2021-04-12,Y,,,Y,N,0
169,buzv4157,염해언,pass01,012-2270-6933,iutz996@petnolja.com,"	경기도 의왕시 백운중앙로 46(학의동, 의왕백운해링턴플레이스 1단지)",1003동 905호,2021-05-05,Y,,,N,N,0
170,rvtm1269,한우정,pass01,012-1800-7133,iwhl690@petnolja.com,"	서울특별시도봉구도봉로180나길 20(도봉동, 양우내안애아파트)",702동 203호,2020-09-22,Y,,,Y,N,0
171,odpb2881,강순안,pass01,012-6395-5812,ixhu856@petnolja.com,"	경기도 동두천시 상패로 54(상패동, 조흥아파트)",802동 703호,2020-11-28,Y,,,Y,N,0
172,oloo6475,민예한,pass01,012-9787-8928,izcb993@petnolja.com,"	경기도 동두천시 이담로 89(지행동, 지행역 동원베네스트 아파트)",403동 705호,2021-01-27,N,2021-03-13,테스트용으로 희생됨,Y,N,0
173,qpdc1331,서태선,pass01,012-8179-7107,izfs151@petnolja.com,"	경기도 화성시 수노을1로 148(새솔동, 송산신도시 대방노블랜드 더퍼스티지 1차)",405동 402호,2020-02-06,Y,,,Y,N,0
174,xhms1488,차혜래,pass01,012-4595-6387,jabf358@petnolja.com,"	인천광역시계양구봉오대로531번길 5(효성동, 풍산아파트)",407동 703호,2021-03-17,Y,,,Y,N,0
175,dltj9716,탁아안,pass01,012-4829-6083,jbas432@petnolja.com,"	경기도 화성시 동탄대로시범길 19(청계동, 동탄역 시범더샵 센트럴시티)",102동 703호,2019-05-05,Y,,,N,N,0
176,yjey4940,송주언,pass01,012-7613-6429,jbep193@petnolja.com,"	경기도 시흥시 호현로63번길 11-1(대야동, 삼호아파트)",605동 705호,2019-06-27,Y,,,Y,N,0
177,nhyw1958,유기우,pass01,012-8180-5525,jbsl547@petnolja.com,"	서울특별시송파구성내천로 314(마천동, 마천동 금호어울림2차 아파트)",702동 803호,2021-04-14,N,2021-05-29,테스트용으로 희생됨,Y,N,0
178,xjuo5882,조승옥,pass01,012-8202-4933,jclo906@petnolja.com,"	서울특별시강남구도산대로50길 54(논현동)",901동 605호,2019-12-26,Y,,,Y,N,0
179,gjot3180,주시나,pass01,012-4023-2563,jdha941@petnolja.com,"	서울특별시강동구성안로 67(성내동, 대주그린빌아파트)",509동 801호,2019-08-17,N,2019-10-01,테스트용으로 희생됨,Y,N,0
180,cuwu8976,우보안,pass01,012-3778-3531,jdjb501@petnolja.com,"	경기도 수원시 권선구 권중로 136(권선동, 신동아아파트)",703동 1004호,2020-02-02,Y,,,N,N,0
181,rqkc6499,도비아,pass01,012-4373-6182,jdjg37@petnolja.com,"	서울특별시은평구증산로17길 26(신사동, 명진아파트)",509동 701호,2020-05-15,Y,,,Y,N,0
182,cqbt2259,류은욱,pass01,012-6800-7770,jhhj117@petnolja.com,"	경기도 부천시 중동로88번길 21(중동, 중동현대아파트)",106동 505호,2019-11-04,Y,,,N,N,0
183,vgyo1465,나재향,pass01,012-1663-9925,jhxa120@petnolja.com,"	서울특별시강남구도곡로78길 22(대치동, 대치삼성아파트)",406동 408호,2020-07-10,N,2020-08-24,테스트용으로 희생됨,Y,N,0
184,plns8656,석양언,pass01,012-7869-2770,jimm110@petnolja.com,"	인천광역시부평구부흥북로72번길 15(부평동, 엘도라도)",102동 803호,2019-12-17,Y,,,Y,N,0
185,atet4220,고서율,pass01,012-2939-9826,jixb676@petnolja.com,"	서울특별시송파구성내천로34길 7-22(마천동, 뉴타운아파트)",608동 409호,2019-10-07,Y,,,N,N,0
186,karu9216,하이령,pass01,012-8274-6800,jlmf500@petnolja.com,"	경기도 광명시 성채로 36(소하동, 광명역세권휴먼시아)",602동 601호,2019-07-09,Y,,,Y,N,0
187,wskv993,하수향,pass01,012-2019-4285,jlxv948@petnolja.com,"	경기도 평택시 이충로 107(이충동, 대진아파트)",303동 402호,2019-07-24,Y,,,Y,N,0
188,rljz3941,공준영,pass01,012-7279-5677,jmly301@petnolja.com,"	서울특별시서초구형촌길 15(우면동, 서초네이처힐2단지)",606동 408호,2020-08-19,Y,,,Y,N,0
189,ppgx5509,홍슬영,pass01,012-1584-8020,jpch651@petnolja.com,"	경기도 용인시 처인구 금령로40번길 15-5(김량장동)",301동 503호,2020-04-28,Y,,,Y,N,0
190,pmmp6012,노채늘,pass01,012-3297-8141,jppw866@petnolja.com,"	서울특별시성동구독서당로 191(옥수동, 옥수동극동아파트)",602동 106호,2019-08-15,Y,,,Y,N,0
191,qwcp5182,문김안,pass01,012-5507-7156,jtkd122@petnolja.com,"	서울특별시서초구방배로32길 67-7(방배동, 코트빌)",1005동 603호,2020-10-01,Y,,,Y,N,0
192,hnha8560,석경하,pass01,012-7953-6364,jtzr473@petnolja.com,"	서울특별시양천구오목로9길 19(신월동, 경희아파트)",509동 108호,2020-07-23,Y,,,Y,N,0
193,koil2792,차재옥,pass01,012-1136-4410,jurf928@petnolja.com,"	경기도 안양시 동안구 관악대로404번길 24(관양동, 남광아파트)",503동 606호,2021-04-11,Y,,,Y,N,0
194,otxc247,하하솔,pass01,012-7147-3729,jyck209@petnolja.com,"	서울특별시관악구미성10길 64(신림동, 뉴서울아파트)",1002동 309호,2019-05-04,Y,,,Y,N,0
195,iqon8229,주근주,pass01,012-4972-7125,kcpw265@petnolja.com,"	서울특별시성북구정릉로12길 11-22(정릉동, 블루힐아파트)",901동 306호,2020-11-22,Y,,,Y,N,0
196,gcbw7729,류예유,pass01,012-1782-3407,keah873@petnolja.com,"	서울특별시중구 퇴계로30길 24(예장동, 예장동 삼익아파트)",202동 707호,2020-05-06,Y,,,Y,N,0
197,jixe4007,문윤림,pass01,012-5309-8271,khdn898@petnolja.com,"	경기도 평택시 서정역로26번길 15-45(이충동, 스카이빌)",801동 807호,2019-05-02,Y,,,Y,N,0
198,cqau5258,도고늘,pass01,012-1928-8934,khzp578@petnolja.com,"	인천광역시계양구주부토로363번길 28(작전동, 동보아파트)",606동 309호,2021-04-05,Y,,,N,N,0
199,aeec3899,문보연,pass01,012-3790-1134,kiba963@petnolja.com,"	서울특별시강서구강서로35길 58(화곡동, 제이월드아파트)",806동 1006호,2021-03-23,Y,,,N,N,0
200,zqvv8298,주률수,pass01,012-3387-8990,kjcs598@petnolja.com,"	서울특별시강동구양재대로124길 32(길동, 동서울오네뜨)",903동 604호,2019-06-11,Y,,,Y,N,0
201,sdca667,이연소,pass01,012-9996-3774,kkoo733@petnolja.com,"	서울특별시서초구동광로27길 104(방배동, 스톤힐스)",705동 608호,2020-07-24,Y,,,Y,N,0
202,quxy7888,석정리,pass01,012-6831-2794,klhf625@petnolja.com,"	서울특별시영등포경인로77길 21(문래동2가, 남성맨션아파트)",1009동 203호,2019-02-24,Y,,,Y,N,0
203,dima2288,황민솔,pass01,012-4640-4346,kljo575@petnolja.com,"	서울특별시양천구남부순환로65길 6(신월동, 나산아파트)",209동 109호,2021-05-02,Y,,,N,N,0
204,dcgf4590,유솔유,pass01,012-1981-7887,knxi164@petnolja.com,"	서울특별시노원구초안산로 19(월계동, 월계주공2단지아파트)",709동 604호,2020-08-31,Y,,,N,N,0
205,kfgz8886,진태유,pass01,012-9382-2901,koek387@petnolja.com,"	경기도 양주시 고읍로 117-21(만송동, 은빛마을휴먼시아6단지)",909동 705호,2019-06-28,Y,,,Y,N,0
206,nfkp7271,차채소,pass01,012-2438-7513,krbp557@petnolja.com,"	인천광역시남동구석정로551번길 20(간석동, 간석2차우성아파트)",301동 903호,2020-11-25,Y,,,Y,N,0
207,txvc7884,곽소교,pass01,012-3401-3219,ksvq241@petnolja.com,"	경기도 용인시 처인구 중부대로1388번길 12(김량장동, 신우아파트)",1005동 609호,2020-03-24,Y,,,Y,N,0
208,wdav7777,안휘한,pass01,012-1599-2112,ksvr726@petnolja.com,"	서울특별시은평구가좌로 344(신사동, 현대아파트)",901동 609호,2021-04-24,Y,,,Y,N,0
209,efet8190,남우서,pass01,012-3198-5220,kufp93@petnolja.com,"	서울특별시용산구이촌로 156(이촌동, 빌라맨션)",405동 301호,2019-08-19,Y,,,N,N,0
210,kwuz9303,양원린,pass01,012-2629-8314,kvfd783@petnolja.com,"	경기도 시흥시 중심상가로 349(정왕동, 시화유천아파트)",205동 209호,2019-08-31,Y,,,Y,N,0
211,zqus2847,오해아,pass01,012-6517-8081,kyxd154@petnolja.com,"	경기도 안양시 동안구 부림로 13(평촌동, 꿈마을현대아파트)",805동 308호,2020-08-13,Y,,,Y,N,0
212,srab4056,주비온,pass01,012-1360-3102,kzjy942@petnolja.com,"	서울특별시송파구동남로13길 37(가락동, 신한에스빌아파트)",902동 103호,2020-07-03,Y,,,Y,N,0
213,kpgx6256,서시효,pass01,012-3265-6655,ladv309@petnolja.com,"	서울특별시강동구천중로53길 6(길동, 현대웰하임1단지)",305동 201호,2021-01-12,Y,,,Y,N,0
214,deuh4042,표동세,pass01,012-1046-5086,ldii918@petnolja.com,"	서울특별시동대문장한로26가길 90(장안동, 스마트트라움)",405동 905호,2019-11-20,Y,,,N,N,0
215,wkbf6876,서은송,pass01,012-9750-4160,legn719@petnolja.com,"	경기도 화성시 동탄대로 181(송동, 동탄린스트라우스더레이크)",203동 405호,2021-01-28,Y,,,Y,N,0
216,iele1023,최희당,pass01,012-2127-5251,leqe693@petnolja.com,"	서울특별시은평구증산로 389(신사동, 신현아파트)",705동 1001호,2021-01-24,N,2021-03-10,테스트용으로 희생됨,Y,N,0
217,hedc5511,장근미,pass01,012-5182-1085,lhfc970@petnolja.com,"	경기도 김포시 양촌읍 양곡1로68번길 59(김포한강 삼정그린코아 더 베스트)",1005동 907호,2020-09-25,Y,,,Y,N,0
218,vjoa7595,김시늘,pass01,012-5958-4940,ljdz520@petnolja.com,"	경기도 고양시 덕양구 신원로 35(신원동, 삼송힐스테이트)",205동 907호,2020-01-15,Y,,,Y,N,0
219,ugup5829,유여서,pass01,012-6482-3952,ljhz350@petnolja.com,"	서울특별시송파구거마로8길 23(거여동, 블레스아파트)",306동 504호,2019-11-19,Y,,,Y,N,0
220,fcpm8240,염채늘,pass01,012-4293-2227,lkmn755@petnolja.com,"	경기도 성남시 분당구 미금로 215(금곡동, 청솔마을대원아파트)",909동 103호,2019-10-06,Y,,,N,N,0
221,dxal1273,윤서아,pass01,012-8083-9590,lknr981@petnolja.com,"	경기도 화성시 동탄공원로 21-11(능동, 동탄푸른마을 모아미래도)",807동 907호,2021-04-07,Y,,,N,N,0
222,iwyu4087,은원신,pass01,012-7190-8854,lkyf913@petnolja.com,"	서울특별시구로구구로동로20길 52-7(구로동)",607동 108호,2019-12-21,Y,,,Y,N,0
223,siby5699,변휘교,pass01,012-7781-9195,llcy296@petnolja.com,"	서울특별시구로구구로동로8길 38(구로동)",501동 307호,2020-11-08,Y,,,Y,N,0
224,rcou9786,변성율,pass01,012-7200-6410,llik678@petnolja.com,"	인천광역시계양구주부토로413번길 17(작전동, 공작아파트)",204동 203호,2019-06-16,Y,,,Y,N,0
225,dcqg8796,장유현,pass01,012-7775-1650,lmgs992@petnolja.com,"	서울특별시양천구오목로10길 5(신월동, 미진아파트)",905동 505호,2020-03-02,Y,,,N,N,0
226,pona2313,추송유,pass01,012-9702-8640,lmms574@petnolja.com,"	경기도 연천군 전곡읍 전은길 43-39(전곡군인아파트)",502동 408호,2019-03-15,Y,,,Y,N,0
227,bcqj3720,황서채,pass01,012-7220-5622,lnfy546@petnolja.com,"	서울특별시강남구학동로 432(삼성동, 삼성동롯데아파트)",803동 108호,2020-08-09,Y,,,N,N,0
228,ttfk4794,홍희선,pass01,012-3008-3393,lodq634@petnolja.com,"	서울특별시은평구역말로 55-1(역촌동, 진주하이츠아파트)",204동 306호,2019-08-18,Y,,,Y,N,0
229,ftew448,공경연,pass01,012-5648-5720,lpzt70@petnolja.com,"	경기도 고양시 덕양구 서정마을2로 17(행신동)",306동 106호,2020-06-19,Y,,,Y,N,0
230,mkye5702,민현인,pass01,012-5320-8404,ltfx296@petnolja.com,"	서울특별시서초구도구로 73(방배동, 대성아파트)",107동 203호,2019-05-16,Y,,,Y,N,0
231,kyol2074,최은정,pass01,012-8472-6960,ltia785@petnolja.com,"	경기도 고양시 덕양구 백양로 15(화정동, 옥빛마을16단지아파트)",908동 905호,2021-01-25,Y,,,Y,N,0
232,jwwu8026,안휘운,pass01,012-2687-7227,ltuj401@petnolja.com,"	경기도 양주시 백석읍 고릉말로46번길 12(휴먼시아)",904동 507호,2021-01-23,Y,,,Y,N,0
233,bmdm6001,임병유,pass01,012-5048-8466,luag189@petnolja.com,"	경기도 부천시 부일로 203(상동, 상동스카이뷰자이)",407동 1006호,2020-02-27,Y,,,N,N,0
234,htzq9147,은서기,pass01,012-6384-8360,luvm425@petnolja.com,"	경기도 성남시 분당구 양현로 272(야탑동, 탑마을타워빌)",204동 202호,2021-03-18,Y,,,Y,N,0
235,baqo1715,박률완,pass01,012-2283-9887,lwwc828@petnolja.com,"	경기도 고양시 덕양구 마상로134번길 51(주교동, 장미2차아파트)",505동 204호,2020-05-07,Y,,,N,N,0
236,wmuh8346,오솔리,pass01,012-7212-7798,mbhi460@petnolja.com,"	서울특별시서초구청두곶길 10(방배동, 덕산홈타운아파트)",502동 804호,2019-05-14,Y,,,Y,N,0
237,xeam304,류순향,pass01,012-6277-7596,mdmh85@petnolja.com,"	경기도 남양주시 별내면 청학로 128(동부일신아파트)",502동 705호,2020-07-14,Y,,,Y,N,0
238,sjze3540,노동선,pass01,012-2612-9144,mhcr30@petnolja.com,"	경기도 부천시 역곡로13번길 43(역곡동, 일두맨션아파트)",1001동 809호,2020-05-03,Y,,,Y,N,0
239,uweg3235,도민화,pass01,012-2650-2346,mhno180@petnolja.com,"	서울특별시양천구목동동로 190(신정동, 길훈로즈빌)",508동 405호,2020-01-22,Y,,,Y,N,0
240,hdjw1913,탁세향,pass01,012-4091-4159,mhxa182@petnolja.com,"	경기도 용인시 처인구 낙은로34번길 20(역북동, 청광아파트)",306동 609호,2021-01-06,Y,,,Y,N,0
241,czmt2351,윤정원,pass01,012-8379-9882,mjil143@petnolja.com,"	서울특별시종로구동숭4라길 29(동숭동, 동성아파트)",105동 706호,2020-11-13,Y,,,N,N,0
242,tsfy1789,신기원,pass01,012-3664-5121,mncg274@petnolja.com,"	서울특별시마포구월드컵북로38가길 22(중동, 중동계룡아파트)",601동 1008호,2019-07-04,Y,,,Y,N,0
243,zeif6446,정재재,pass01,012-1586-7847,mopm836@petnolja.com,"	서울특별시송파구송이로 188(문정동, 프라임아파트)",907동 507호,2019-01-08,Y,,,Y,N,0
244,fljg5435,한희우,pass01,012-5262-4403,mqiy63@petnolja.com,"	경기도 여주시 도예로 83-60(현암동, e편한세상 여주)",305동 505호,2019-04-15,Y,,,Y,N,0
245,knlc9809,우규현,pass01,012-2507-6372,msak614@petnolja.com,"	서울특별시강서구초록마을로 166(화곡동, 탑건진선미아파트)",401동 101호,2020-06-29,Y,,,Y,N,0
246,vkyb3897,장김임,pass01,012-8721-4281,msqe716@petnolja.com,"	서울특별시노원구광운로17길 45-3(월계동, 새봄아파트)",206동 308호,2020-02-16,Y,,,Y,N,0
247,rwda1452,권우완,pass01,012-7880-7621,mtbe498@petnolja.com,"	경기도 평택시 경기대로 1200(이충동, 평택장당5차우미이노스빌)",805동 503호,2019-08-21,Y,,,Y,N,0
248,uyrv9631,하태이,pass01,012-5656-4100,muwr855@petnolja.com,"	경기도 파주시 법원읍 자운서원로 30(율곡아파트)",903동 809호,2021-03-06,Y,,,Y,N,0
249,gtfe355,장수송,pass01,012-1130-3282,mwpg565@petnolja.com,"	경기도 광명시 신촌로 49(소하동, 신촌휴먼시아1단지아파트)",805동 902호,2020-01-10,Y,,,Y,N,0
250,lcif3601,조예준,pass01,012-9241-4432,mxck968@petnolja.com,"	경기도 시흥시 함송로29번길 51(정왕동, 대림4차아파트)",402동 705호,2020-02-23,Y,,,Y,N,0
251,nall582,주송송,pass01,012-7143-5253,mymn781@petnolja.com,"	경기도 시흥시 은행로218번길 4(대야동, 서강아파트)",606동 803호,2019-02-16,Y,,,Y,N,0
252,ongd5146,석우우,pass01,012-9271-2770,myzf655@petnolja.com,"	서울특별시마포구방울내로11길 181(망원동, 동보프리미아)",505동 601호,2020-08-22,Y,,,Y,N,0
253,twuq4273,조주진,pass01,012-5389-3397,mzhm965@petnolja.com,"	서울특별시중랑구봉우재로14길 30-8(면목동, 동성네스트빌아파트)",605동 805호,2019-01-16,Y,,,Y,N,0
254,ltaa8120,최현한,pass01,012-5540-6677,mzhu984@petnolja.com,"	서울특별시마포구포은로8길 8(망원동, 망원동대상4차아파트)",401동 705호,2019-08-08,Y,,,Y,N,0
255,neao2570,도한린,pass01,012-7811-6000,mzmx557@petnolja.com,"	서울특별시동대문장한로26길 71(장안동, 공감대 4차 아파트)",709동 204호,2020-05-17,Y,,,Y,N,0
256,pgyz7542,차서선,pass01,012-5048-1614,ncdb75@petnolja.com,"	서울특별시송파구마천로7길 4(오금동, 대림아파트)",701동 1004호,2019-05-18,Y,,,Y,N,0
257,usqj21,도근송,pass01,012-6700-8459,ncfx986@petnolja.com,"	서울특별시중구 만리재로37길 49(만리동1가, SY파크힐)",406동 903호,2021-03-03,Y,,,Y,N,0
258,ivgv3715,편유란,pass01,012-5050-8242,nfpq613@petnolja.com,"	인천광역시연수구청학로21번길 8(청학동, 우진아파트)",103동 508호,2021-03-19,Y,,,Y,N,0
259,hssp5167,송여효,pass01,012-8286-6383,nfvn171@petnolja.com,"	경기도 파주시 숲속노을로 298(문발동, 노을빛마을주공아파트)",109동 205호,2019-11-07,Y,,,Y,N,0
260,ziut1739,이슬교,pass01,012-3190-3510,ngmg229@petnolja.com,"	인천광역시부평구부일로 16(부평동, 헤르메스아파트 2동)",709동 705호,2019-06-22,Y,,,Y,N,0
261,rolm4710,양도세,pass01,012-8141-9161,niej463@petnolja.com,"	서울특별시중랑구공릉로2길 39(묵동, 금호어울림아파트)",106동 1005호,2019-12-29,Y,,,Y,N,0
262,wcsn246,나유늘,pass01,012-7389-6036,nkah884@petnolja.com,"	경기도 안산시 상록구 반석로 44(본오동, 신안1차아파트)",807동 807호,2019-05-08,Y,,,Y,N,0
263,gulf9934,안여련,pass01,012-9453-8512,nkxs887@petnolja.com,"	경기도 성남시 수정구 성남대로 1254(태평동, 낙원스카이뷰2)",105동 503호,2020-10-13,Y,,,Y,N,0
264,vgqd3839,황정언,pass01,012-8400-4305,nmsz506@petnolja.com,"	경기도 고양시 일산서구 탄중로 447(일산동, 쌍용아파트)",406동 905호,2019-10-05,Y,,,Y,N,0
265,qqil8889,방세리,pass01,012-8220-3185,noet729@petnolja.com,"	경기도 부천시 지봉로127번길 41(역곡동, 대림아파트)",403동 209호,2020-10-11,Y,,,Y,N,0
266,akhe6944,한현채,pass01,012-4146-5971,nolu834@petnolja.com,"	경기도 부천시 원종로24번길 20(원종동, 대도아파트)",705동 1005호,2020-01-23,Y,,,N,N,0
267,fzik9659,최양운,pass01,012-2131-7150,nqcs559@petnolja.com,"	경기도 화성시 동탄대로9길 19(송동, 동탄2신도시 하우스디 더 레이크)",102동 303호,2020-08-26,Y,,,Y,N,0
268,plir4082,배주민,pass01,012-8176-5123,nqfb77@petnolja.com,"	경기도 안양시 동안구 학의로 20(비산동, 관악아파트)",704동 803호,2019-12-11,Y,,,Y,N,0
269,mvwk2144,손송효,pass01,012-7845-2135,nqtm568@petnolja.com,"	서울특별시동대문왕산로19라길 3(제기동, 어반넥서스)",404동 605호,2019-11-26,Y,,,Y,N,0
270,jgtu1223,황한연,pass01,012-4866-1040,nrhw988@petnolja.com,"	경기도 부천시 경인로484번길 28(괴안동, 복지아파트)",505동 702호,2021-03-05,Y,,,Y,N,0
271,fjty5983,서세송,pass01,012-6277-7130,nscq210@petnolja.com,"	서울특별시송파구새말로 176(문정동, 트윈팰리스)",303동 305호,2019-09-07,Y,,,Y,N,0
272,srgb78,편경송,pass01,012-3796-7661,ntcn494@petnolja.com,"	서울특별시서초구잠원로3길 16(잠원동, 잠원중앙하이츠아파트)",704동 905호,2020-07-17,Y,,,Y,N,0
273,hvrz4202,지소당,pass01,012-2983-5294,nttw303@petnolja.com,"	서울특별시양천구신목로 16(신정동, 쌍용아파트)",802동 409호,2020-02-29,Y,,,Y,N,0
274,goaj270,곽도욱,pass01,012-6513-3422,nvkm565@petnolja.com,"	서울특별시구로구고척로 238(고척동, 하이리빙아파트)",501동 403호,2020-10-06,Y,,,Y,N,0
275,jkfs8190,탁윤름,pass01,012-2800-1191,nvlb187@petnolja.com,"	경기도 구리시 원수택로32번길 50(수택동, 일우아파트)",606동 306호,2019-09-01,Y,,,Y,N,0
276,rlrb2891,최선송,pass01,012-7518-2547,nvwt971@petnolja.com,"	서울특별시강남구도곡로 603(대치동, 상지리츠빌카일룸)",707동 206호,2020-08-18,Y,,,Y,N,0
277,ripr7870,염경온,pass01,012-8511-4124,nwge472@petnolja.com,"	서울특별시송파구풍성로25나길 11-10(풍납동, 노아아크빌)",1007동 503호,2020-07-20,Y,,,Y,N,0
278,brrr7570,전보선,pass01,012-5248-1207,nzbr779@petnolja.com,"	서울특별시서초구효령로68길 13(서초동, 현대아파트)",703동 407호,2019-05-19,Y,,,N,N,0
279,vanj3674,정나주,pass01,012-5640-6420,nzru841@petnolja.com,"	경기도 의왕시 부곡복지관길 20(삼동, 장미아파트)",706동 301호,2021-04-19,Y,,,Y,N,0
280,cfhc5495,전동운,pass01,012-5569-4085,nzug233@petnolja.com,"	경기도 구리시 원수택로32번길 83(수택동, 리라하이텔)",1009동 201호,2020-03-05,Y,,,N,N,0
281,ousn2383,배수이,pass01,012-1139-1151,oagp91@petnolja.com,"	서울특별시중랑구중랑역로 72(중화동, 동구햇살아파트)",801동 302호,2020-11-16,Y,,,Y,N,0
282,spjm5652,지연옥,pass01,012-7935-6367,oavn274@petnolja.com,"	경기도 부천시 성주로 226-1(심곡본동, 태경삼익아파트)",605동 903호,2020-07-18,Y,,,Y,N,0
283,fydv1663,홍미임,pass01,012-3373-7645,oawd934@petnolja.com,"	서울특별시강동구아리수로93가길 25(강일동, 강일리버파크1단지아파트)",305동 504호,2019-04-23,Y,,,Y,N,0
284,nzzl6634,진수준,pass01,012-1585-7767,obeo481@petnolja.com,"	서울특별시마포구월드컵북로 502-37(상암동, 상암월드컵파크11단지)",808동 805호,2019-07-05,Y,,,Y,N,0
285,qdxk4060,김원재,pass01,012-8319-9454,oblo590@petnolja.com,"	서울특별시관악구남부순환로260길 119(남현동, 관악산대창센시티2차아파트)",204동 1005호,2021-03-26,Y,,,Y,N,0
286,boyi2724,방아화,pass01,012-9363-2771,obwi310@petnolja.com,"	경기도 수원시 팔달구 팔달문로42번길 22(지동, 동오아파트)",803동 806호,2019-10-03,Y,,,N,N,0
287,fatr4302,배다영,pass01,012-2901-5558,odnk59@petnolja.com,"	경기도 부천시 심곡로34번길 35(송내동, JN팰리스)",801동 409호,2020-01-13,Y,,,N,N,0
288,wufp5856,고연예,pass01,012-3595-5548,oeib488@petnolja.com,"	경기도 성남시 중원구 산성대로 302-1(중앙동, 백두씨티웰빙)",903동 502호,2020-12-06,Y,,,Y,N,0
289,szst615,최민이,pass01,012-4644-2483,oivs83@petnolja.com,"	서울특별시강동구천호옛14길 28-39(성내동, 금광포란재아파트)",909동 1009호,2020-09-26,Y,,,Y,N,0
290,hwys6142,조교정,pass01,012-7327-7805,olha775@petnolja.com,"	서울특별시구로구구일로2길 29(구로동, 노블리안아파트)",701동 909호,2021-03-24,Y,,,Y,N,0
291,ibds7327,손가현,pass01,012-4124-5720,omee167@petnolja.com,"	경기도 고양시 덕양구 세솔로 149(원흥동, 삼송마을엘에이치16단지)",801동 701호,2019-02-20,Y,,,Y,N,0
292,safa1733,강준주,pass01,012-9707-6838,ontu117@petnolja.com,"	경기도 용인시 기흥구 이현로29번길 86-28(보정동, e편한세상대림아파트)",1005동 1009호,2019-03-11,Y,,,Y,N,0
293,fdeh6424,남승소,pass01,012-3665-6604,ooqi8@petnolja.com,"	서울특별시강서구공항대로59길 64(등촌동, 한사랑2차삼성아파트)",609동 306호,2021-03-27,Y,,,N,N,0
294,mvxc7174,진연운,pass01,012-9672-7120,oqyq848@petnolja.com,"	서울특별시강남구논현로158길 17(신사동, 토미아파트)",208동 606호,2019-01-18,Y,,,Y,N,0
295,hjbn6873,유현은,pass01,012-5195-1595,orbs330@petnolja.com,"	인천광역시계양구장제로1025번길 20(박촌동, 박촌휴먼시아)",1005동 802호,2019-05-03,Y,,,Y,N,0
296,tfho724,구보현,pass01,012-6873-9529,orre717@petnolja.com,"	인천광역시부평구이규보로61번길 21(십정동, 주공뜨란채아파트)",904동 409호,2020-05-09,Y,,,Y,N,0
297,jszm6423,남미욱,pass01,012-2827-7605,otfg762@petnolja.com,"	서울특별시강남구압구정로29길 69(압구정동, 현대아파트)",603동 802호,2020-06-20,Y,,,Y,N,0
298,fnih5650,안민정,pass01,012-5906-2233,oven611@petnolja.com,"	서울특별시서초구효령로 65(방배동, 청암빌라트)",903동 107호,2019-07-20,Y,,,Y,N,0
299,zdql3256,장윤옥,pass01,012-2730-1553,ovul720@petnolja.com,"	서울특별시마포구방울내로11길 43(망원동, 상암마젤란21아파트)",902동 907호,2019-07-18,Y,,,Y,N,0
300,qkph8231,남희재,pass01,012-5898-3303,oxdr842@petnolja.com,"	경기도 고양시 덕양구 푸른마을로 37(고양동, 푸른마을7단지아파트)",502동 806호,2020-12-11,Y,,,Y,N,0
301,hvka6705,원근유,pass01,012-1050-2467,oxsc102@petnolja.com,"	경기도 의정부시 평화로562번길 34(의정부동, 우주마루6차)",906동 402호,2020-07-01,Y,,,Y,N,0
302,jtzo8748,유민호,pass01,012-4327-3324,oxzf365@petnolja.com,"	경기도 안산시 상록구 석호공원로 59(사동, 그린시아)",906동 705호,2019-11-23,Y,,,Y,N,0
303,mhey7251,양송호,pass01,012-3142-4133,oyka649@petnolja.com,"	경기도 광명시 하안로 198(소하동, 동양2차아파트)",403동 904호,2020-02-10,Y,,,Y,N,0
304,ttdg1565,유다주,pass01,012-1417-5590,oypm69@petnolja.com,"	경기도 하남시 대청로 79(신장동, 대명강변타운아파트)",601동 503호,2021-01-18,Y,,,Y,N,0
305,rmkp531,공소연,pass01,012-1758-4000,ozvi310@petnolja.com,"	인천광역시부평구부흥북로23번길 15(부평동, 미성하이츠아파트)",701동 708호,2019-09-20,Y,,,Y,N,0
306,dcfv6090,은이래,pass01,012-1660-5884,pawx189@petnolja.com,"	경기도 고양시 덕양구 용현로 20(행신동, 무원마을3단지아파트)",308동 901호,2021-04-06,Y,,,N,N,0
307,pmiu540,최소안,pass01,012-6583-1998,pbmd502@petnolja.com,"	경기도 양주시 옥정동로 140(옥정동, 세영리첼 레이크파크)",203동 409호,2020-06-10,Y,,,Y,N,0
308,dngy3059,염병정,pass01,012-6071-4737,pdhd418@petnolja.com,"	서울특별시강서구수명로1길 16(내발산동, 마곡수명산파크4단지아파트)",602동 405호,2019-04-04,Y,,,N,N,0
309,umga9277,박우향,pass01,012-8970-3951,pdkm978@petnolja.com,"	경기도 성남시 수정구 수정로466번길 24(단대동, 낙원아파트)",207동 307호,2019-01-09,Y,,,Y,N,0
310,oepx2953,배기리,pass01,012-9200-2316,pdxd832@petnolja.com,"	경기도 의왕시 모란길 31(오전동, 삼호백조아파트)",909동 403호,2021-01-30,Y,,,Y,N,0
311,lpoo9426,장송송,pass01,012-9237-1367,pefr315@petnolja.com,"	경기도 수원시 장안구 장안로54번길 28-4(영화동, 수정아파트)",102동 903호,2019-08-03,Y,,,Y,N,0
312,xjxm2495,임혜진,pass01,012-2093-5040,plut826@petnolja.com,"	서울특별시노원구월계로44나길 31-12(월계동, 월계동 도원 그린힐)",605동 808호,2020-10-10,Y,,,Y,N,0
313,hhfo4015,진기윤,pass01,012-8848-5510,pmix799@petnolja.com,"	경기도 시흥시 서울대학로278번길 19-13(정왕동, 시흥배곧 C1블럭 호반 써밋플레이스 아파트)",606동 502호,2021-04-21,Y,,,Y,N,0
314,fhpe4601,방미름,pass01,012-4172-2053,pnjl709@petnolja.com,"	서울특별시성북구아리랑로19가길 21(정릉동, 정릉꿈에그린)",1007동 201호,2021-04-01,Y,,,Y,N,0
315,wmal6598,방김완,pass01,012-6744-3141,pofu411@petnolja.com,"	경기도 수원시 장안구 경수대로 1110-15(파장동, 북수원아이파크)",702동 701호,2019-05-28,Y,,,Y,N,0
316,dszw5792,나도예,pass01,012-8130-2561,ppjj885@petnolja.com,"	경기도 이천시 향교로53번길 15(창전동, 창전아파트)",1003동 408호,2021-01-03,Y,,,N,N,0
317,ayxg6082,양재화,pass01,012-9761-6879,pvfq715@petnolja.com,"	서울특별시서초구서초대로74길 23(서초동, 서초타운트라팰리스)",504동 205호,2020-09-04,Y,,,N,N,0
318,kkyg2897,차하수,pass01,012-1611-2128,pyzv532@petnolja.com,"	서울특별시강서구공항대로75길 30(염창동, 삼정그린코아)",707동 105호,2020-11-07,Y,,,Y,N,0
319,sdpd1799,표도소,pass01,012-3696-1832,pzcv770@petnolja.com,"	경기도 안양시 동안구 호성로 20(호계동, 호계동 금호 어울림)",1005동 209호,2020-01-20,Y,,,Y,N,0
320,kuka2174,황선란,pass01,012-2514-8338,qcmp174@petnolja.com,"	경기도 용인시 처인구 이동읍 경기동로690번길 2-4(윤송빌라)",402동 1009호,2021-02-06,Y,,,Y,N,0
321,crff4750,송세기,pass01,012-5281-7424,qcob664@petnolja.com,"	경기도 양평군 용문면 다문북길 57(용문코아루)",906동 405호,2019-01-30,Y,,,N,N,0
322,nwmx8839,송해나,pass01,012-4005-9574,qdka197@petnolja.com,"	인천광역시미추홀낙섬동로 104(용현동, 용현동 성원상떼빌)",104동 604호,2019-08-24,Y,,,Y,N,0
323,bqtb2004,남은임,pass01,012-3770-7650,qfce461@petnolja.com,"	경기도 수원시 권선구 덕영대로1323번길 26-24(권선동, 권선3지구 써미트빌)",307동 108호,2020-12-23,Y,,,N,N,0
324,yadx1850,구윤채,pass01,012-6185-3738,qgco272@petnolja.com,"	경기도 성남시 중원구 둔촌대로101번길 6-8(성남동, 삼성슈퍼빌)",1002동 1009호,2020-10-18,Y,,,Y,N,0
325,qrjn7654,차순주,pass01,012-9619-1550,qiab610@petnolja.com,"	서울특별시양천구목동중앙본로5길 20(목동, 한일아파트)",806동 606호,2019-01-31,N,,,Y,Y,0
326,axeh5996,장시호,pass01,012-3009-5469,qipk329@petnolja.com,"	경기도 평택시 이충로 49-13(이충동, 이충 이-편한세상)",806동 903호,2019-12-30,Y,,,N,N,0
327,xrkt7770,손이하,pass01,012-6338-4403,qjtl571@petnolja.com,"	경기도 김포시 북변로 31(북변동, 개나리아파트)",805동 205호,2019-03-21,Y,,,Y,N,0
328,fbwl5093,차비경,pass01,012-7393-7389,qkux832@petnolja.com,"	경기도 동두천시 중앙로245번길 13(생연동, 대림아파트)",703동 503호,2021-03-10,Y,,,N,N,0
329,enoj6468,은준림,pass01,012-5399-3193,qmkf243@petnolja.com,"	경기도 양주시 은현면 삼육사로 434(태풍아파트)",207동 405호,2020-06-23,Y,,,N,N,0
330,rntd4516,허솔기,pass01,012-4533-6680,qode657@petnolja.com,"	경기도 용인시 기흥구 이현로29번길 72-30(보정동, 성호샤인힐즈아파트)",909동 301호,2020-12-21,Y,,,Y,N,0
331,gtqw7227,박여련,pass01,012-7751-3550,qtah873@petnolja.com,"	서울특별시은평구역말로 114(대조동, 디안아파트)",508동 205호,2020-02-24,Y,,,Y,N,0
332,gdls3018,민률란,pass01,012-9523-2647,qtjk463@petnolja.com,"	서울특별시노원구노원로 331(중계동, 시영3단지목련아파트)",104동 807호,2020-09-09,Y,,,Y,N,0
333,qtpm405,김한영,pass01,012-4061-2748,qubp974@petnolja.com,"	서울특별시양천구남부순환로62길 13(신월동, 헤븐아파트)",303동 504호,2020-07-30,Y,,,Y,N,0
334,jxsy1131,장세미,pass01,012-6393-9170,qugn353@petnolja.com,"	경기도 부천시 경인로117번길 27(송내동, 부천 중동역 2차 푸르지오 A단지)",106동 203호,2019-03-14,N,,,Y,Y,0
335,gmia7429,차경완,pass01,012-6363-9786,quyk542@petnolja.com,"	경기도 하남시 덕풍북로 70(덕풍동, 휴먼시아 꽃뫼마을)",508동 504호,2019-08-25,Y,,,Y,N,0
336,jubr1588,차유수,pass01,012-8873-7458,qvvo758@petnolja.com,"	경기도 부천시 고리울로8번길 43(고강동, 삼원아파트)",401동 305호,2020-07-11,Y,,,Y,N,0
337,mvdx6234,구상유,pass01,012-5993-8554,qznf941@petnolja.com,"	경기도 안산시 상록구 충장로 533(성포동, 주공11단지아파트)",709동 505호,2019-08-09,Y,,,Y,N,0
338,hpsz8523,정시완,pass01,012-5120-6506,rajy629@petnolja.com,"	경기도 고양시 덕양구 능곡로13번길 15(토당동, 한강 능곡역 성원상떼빌)",603동 602호,2019-11-24,Y,,,Y,N,0
339,novs9796,류여하,pass01,012-1338-7407,ravp183@petnolja.com,"	경기도 용인시 기흥구 강남동로 54(구갈동, 강남마을7단지계룡리슈빌아파트)",304동 404호,2019-11-09,Y,,,Y,N,0
340,secb8557,배기지,pass01,012-4766-9300,rcqs105@petnolja.com,"	서울특별시서대문통일로37나길 40(홍제동, 굿모닝하이츠아파트)",104동 404호,2021-01-19,Y,,,Y,N,0
341,cqoc376,도초한,pass01,012-8307-9101,rdes572@petnolja.com,"	인천광역시연수구해돋이로120번길 16(송도동, 송도풍림아이원2단지아파트)",705동 807호,2020-09-07,Y,,,N,N,0
342,exln8675,권의령,pass01,012-6972-5197,rdsw145@petnolja.com,"	경기도 용인시 기흥구 동백4로 53(중동, 성산마을 어울림타운하우스)",1005동 1009호,2020-11-21,Y,,,N,N,0
343,neik5351,홍은기,pass01,012-2834-3737,refr999@petnolja.com,"	경기도 안성시 중앙로 212(옥산동, 옥산주공아파트)",509동 1007호,2019-01-22,Y,,,Y,N,0
344,fwug9781,차소휘,pass01,012-7323-5278,riqp301@petnolja.com,"	경기도 의정부시 평화로 184(호원동, 엘리시아)",507동 1001호,2019-04-27,Y,,,Y,N,0
345,viea2554,서여현,pass01,012-4204-9303,rkgh319@petnolja.com,"	서울특별시노원구초안산로2길 91(월계동, 월계동 우남푸르미아 아파트)",309동 606호,2020-01-03,Y,,,Y,N,0
346,pomw8341,임동원,pass01,012-1712-3053,rlbk918@petnolja.com,"	경기도 평택시 안중읍 안현로서7길 46(주공아파트)",908동 305호,2020-06-08,Y,,,Y,N,0
347,xvkq7360,양다연,pass01,012-4427-6727,rlrb75@petnolja.com,"	인천광역시부평구주부토로 193(갈산동, 대동아파트)",1007동 203호,2019-04-13,Y,,,Y,N,0
348,qglf3284,안채성,pass01,012-8350-8602,rnsm539@petnolja.com,"	서울특별시노원구동일로 1389(상계동, 상계주공3단지아파트)",305동 901호,2019-05-09,Y,,,Y,N,0
349,xlgl8972,양해휘,pass01,012-4090-3860,rpus855@petnolja.com,"	경기도 고양시 일산동구 숲속마을로 65(풍동, 숲속마을3단지아파트)",1008동 307호,2020-03-27,N,,,Y,Y,0
350,fwjz9256,민재윤,pass01,012-9457-3076,rqok869@petnolja.com,"	경기도 부천시 부흥로303번길 31(중동, 그린타운아파트)",908동 709호,2019-07-27,Y,,,Y,N,0
351,nbcd5531,표준인,pass01,012-9145-5201,rsad8@petnolja.com,"	경기도 오산시 은여울로 29(은계동, 리버빌아파트)",502동 206호,2020-05-10,Y,,,Y,N,0
352,tjup7026,서예승,pass01,012-8093-9326,rszt375@petnolja.com,"	서울특별시도봉구우이천로38길 99(쌍문동, 삼보아파트)",307동 101호,2020-06-12,Y,,,Y,N,0
353,czat9433,고휘란,pass01,012-8628-1670,rvlf712@petnolja.com,"	경기도 하남시 미사강변한강로 30(선동, 리버스위트칸타빌)",205동 303호,2021-04-15,Y,,,N,N,0
354,twus2135,최해이,pass01,012-4556-2081,rwlq337@petnolja.com,"	경기도 고양시 일산서구 강선로 169(일산동, 후곡마을15단지아파트)",405동 805호,2019-07-15,Y,,,Y,N,0
355,wbfn6181,차솔연,pass01,012-2387-7840,rwqp876@petnolja.com,"	서울특별시금천구시흥대로128길 19(독산동, 서초파레스아파트)",1006동 1009호,2020-04-13,Y,,,Y,N,0
356,zgaf579,공준선,pass01,012-2746-6415,ryid326@petnolja.com,"	서울특별시금천구벚꽃로 60(독산동, 독산라이프아파트)",903동 608호,2019-10-11,Y,,,Y,N,0
357,iqhu1494,김규채,pass01,012-3878-4436,rytb716@petnolja.com,"	경기도 평택시 동부공원로 47(비전동, 시대코아아파트)",807동 909호,2021-01-10,Y,,,Y,N,0
358,xxqd2412,유고호,pass01,012-5493-4214,sadk481@petnolja.com,"	경기도 광명시 하안로 284(하안동, 하안12단지고층주공아파트)",404동 1005호,2020-12-17,Y,,,Y,N,0
359,ledh1163,민영율,pass01,012-6820-9025,safw487@petnolja.com,"	서울특별시서초구동광로24길 37(방배동, 판테옹빌라)",1008동 204호,2019-07-30,Y,,,Y,N,0
360,ulew5325,주고민,pass01,012-3383-5123,sbof68@petnolja.com,"	서울특별시광진구아차산로78길 10(광장동, 워커힐푸르지오)",801동 902호,2019-01-17,Y,,,Y,N,0
361,qeij3321,편세림,pass01,012-1877-8146,sego232@petnolja.com,"	경기도 수원시 권선구 당진로15번길 19-10(당수동, 한라비발디아파트 1단지)",205동 905호,2020-09-08,Y,,,Y,N,0
362,vtyl4668,황선솔,pass01,012-4776-1431,sein307@petnolja.com,"	서울특별시송파구올림픽로 399(신천동, 진주아파트)",408동 708호,2019-09-14,Y,,,Y,N,0
363,hlrt1569,우효름,pass01,012-4289-9561,sezp667@petnolja.com,"	서울특별시강남구역삼로19길 12(역삼동, 조이너스)",503동 802호,2019-02-26,Y,,,Y,N,0
364,ljti529,송휘한,pass01,012-5411-4655,sgap661@petnolja.com,"	서울특별시동대문장한로18길 26-3(장안동, SM 이로빌 아파트)",302동 1006호,2019-03-07,Y,,,Y,N,0
365,knzr7973,최아아,pass01,012-5001-8100,sgew358@petnolja.com,"	서울특별시양천구오목로3길 5(신월동, 훼미리아파트)",405동 305호,2019-05-21,Y,,,Y,N,0
366,vulg3927,석소소,pass01,012-6885-9969,shae855@petnolja.com,"	서울특별시중랑구동일로 946(묵동, 묵동신도주상복합아파트)",302동 105호,2020-04-18,Y,,,Y,N,0
367,fart7378,백한온,pass01,012-5998-8224,siri470@petnolja.com,"	경기도 안양시 만안구 병목안로 103(안양동, 프라자아파트)",209동 202호,2020-06-30,Y,,,N,N,0
368,wnbo3983,백동림,pass01,012-8420-8677,sjfr469@petnolja.com,"	서울특별시광진구동일로22길 81(화양동, 캠퍼스 프라자)",804동 302호,2020-11-19,Y,,,Y,N,0
369,qgqj3544,원도운,pass01,012-8646-5587,skwn697@petnolja.com,"	서울특별시영등포문래로 137(문래동3가, 문래동금호어울림아파트)",101동 208호,2020-04-02,Y,,,Y,N,0
370,aeij6250,양고교,pass01,012-3900-2396,slgr629@petnolja.com,"	인천광역시남동구경인로644번길 63(간석동, 아이닉스아파트)",108동 1005호,2019-09-03,Y,,,N,N,0
371,bykl1140,한률솔,pass01,012-1126-2386,smeh20@petnolja.com,"	서울특별시강동구천중로43길 25(천호동, 늘푸른아파트)",308동 103호,2019-08-13,Y,,,N,N,0
372,xlfd5847,정세한,pass01,012-2455-8091,sows436@petnolja.com,"	경기도 의정부시 용민로 64(용현동)",108동 701호,2019-06-25,Y,,,Y,N,0
373,gfzi6625,구초온,pass01,012-6707-1429,spgz340@petnolja.com,"	경기도 파주시 심학산로 385(목동동, 산내마을10단지 운정센트럴 푸르지오)",1007동 203호,2021-01-31,Y,,,Y,N,0
374,dxrq5364,윤다연,pass01,012-3681-9640,spsq936@petnolja.com,"	경기도 고양시 덕양구 도래울로 85(도내동, 엘에이치원흥도래울마을2단지)",806동 208호,2020-01-28,Y,,,N,N,0
375,ztxx1491,배준기,pass01,012-5338-6460,suai551@petnolja.com,"	경기도 화성시 동탄순환대로26길 81(영천동, 동탄 행복마을 푸르지오)",409동 506호,2021-02-10,Y,,,Y,N,0
376,ohfq2814,지미임,pass01,012-9835-8546,sukh511@petnolja.com,"	경기도 부천시 지봉로 143(역곡동, e-편한세상3차아파트)",405동 806호,2020-09-03,Y,,,Y,N,0
377,pwcq752,엄송림,pass01,012-2973-1220,supl713@petnolja.com,"	경기도 안양시 만안구 석수로6번길 55(석수동, 석수아파트)",504동 807호,2019-10-25,Y,,,Y,N,0
378,zdpq2216,조재완,pass01,012-3419-5000,suxd539@petnolja.com,"	인천광역시부평구경인로1083번길 32(부개동, 현대아파트)",708동 107호,2021-03-12,Y,,,Y,N,0
379,kraz6179,하양욱,pass01,012-7337-6338,suzt684@petnolja.com,"	서울특별시구로구고척로 19(오류동, 한백고은아파트)",102동 208호,2020-09-19,Y,,,Y,N,0
380,zygv3237,손소희,pass01,012-9162-5450,svhi791@petnolja.com,"	인천광역시연수구새말로 111(연수동, 영남아파트)",609동 709호,2019-09-05,Y,,,Y,N,0
381,sexh1484,탁정원,pass01,012-5471-5340,syjv787@petnolja.com,"	경기도 고양시 덕양구 지도로103번길 74(토당동, 허스아파트)",508동 1009호,2020-11-20,Y,,,Y,N,0
382,hron6754,조영빈,pass01,012-4094-3694,taek579@petnolja.com,"	경기도 화성시 동탄지성로 42(반송동, 동탄시범한빛마을 동탄아이파크)",1003동 905호,2020-04-20,Y,,,Y,N,0
383,cybf334,하초온,pass01,012-5351-8690,tblo561@petnolja.com,"	인천광역시남동구예술로226번길 28(구월동, 현대홈타운)",507동 1009호,2020-09-18,Y,,,N,N,0
384,ccsv6787,양초주,pass01,012-7270-4814,tffz188@petnolja.com,"	서울특별시종로구세검정로6다길 11-1(신영동, 구암하이빌아파트)",605동 1003호,2020-08-04,Y,,,N,N,0
385,ptix6626,원나리,pass01,012-7194-3076,tfza452@petnolja.com,"	서울특별시성북구동소문로13나길 15-11(동소문동6가, 청기와아파트)",809동 209호,2019-11-17,Y,,,Y,N,0
386,imzc9793,전지운,pass01,012-2162-2280,thej935@petnolja.com,"	경기도 안양시 동안구 갈산로 31(호계동, 호계동동원베네스트)",809동 1005호,2019-11-21,Y,,,Y,N,0
387,sdmw330,진현비,pass01,012-3530-7019,tiie903@petnolja.com,"	경기도 고양시 일산서구 중앙로 1391(주엽동, 강선마을12단지아파트)",105동 609호,2020-03-03,Y,,,Y,N,0
388,vadn3330,최여향,pass01,012-3319-5399,tiow104@petnolja.com,"	경기도 용인시 기흥구 새천년로 27(신갈동, 녹원마을새천년그린빌2단지아파트)",509동 308호,2020-03-11,Y,,,Y,N,0
389,golm9249,우은빈,pass01,012-9466-6681,tjwn670@petnolja.com,"	서울특별시관악구인헌16길 33-7(봉천동, 새진아파트)",405동 801호,2019-09-02,Y,,,Y,N,0
390,bshe1119,변예예,pass01,012-3091-6200,tlwv763@petnolja.com,"	서울특별시동작구알마타길 58(대방동, 대방2차현대아파트)",704동 103호,2021-02-04,Y,,,N,N,0
391,voqy633,조서화,pass01,012-2745-9780,tnff489@petnolja.com,"	경기도 평택시 안중읍 송담1로 55(송담 지엔하임2차)",508동 509호,2019-07-19,Y,,,Y,N,0
392,ncwa1541,엄아하,pass01,012-9421-9434,tnty680@petnolja.com,"	서울특별시도봉구방학로11길 33(방학동, 효성 하이타운)",1001동 505호,2019-01-29,Y,,,Y,N,0
393,llol5344,도예서,pass01,012-4562-3828,tpax511@petnolja.com,"	경기도 시흥시 서울대학로264번길 12(정왕동, 시흥배곧 C2블럭 호반 써밋플레이스 아파트)",509동 309호,2020-07-07,Y,,,Y,N,0
394,mkpd1849,구윤한,pass01,012-3985-1322,tpgy668@petnolja.com,"	서울특별시서초구남부순환로337가길 51-9(서초동, 신원 아침도시)",505동 1003호,2021-04-25,Y,,,Y,N,0
395,ntcv8083,강여리,pass01,012-2473-4009,trdj297@petnolja.com,"	서울특별시중구 난계로 130(신당동)",105동 605호,2020-09-12,Y,,,Y,N,0
396,lqrg3665,민원영,pass01,012-8191-2961,ttkg784@petnolja.com,"	경기도 부천시 역곡로490번길 93(고강동, 진영아파트)",402동 405호,2019-02-05,Y,,,Y,N,0
397,cioz2913,임현림,pass01,012-6248-2302,tuuq914@petnolja.com,"	경기도 용인시 기흥구 동백7로 97(동백동, 백현마을한라비발디아파트)",405동 1007호,2020-12-29,Y,,,N,N,0
398,wgbu8237,최우경,pass01,012-1412-5136,tuvs46@petnolja.com,"	경기도 안양시 동안구 평촌대로179번길 30(호계동, 목련우성아파트)",803동 401호,2019-12-13,Y,,,Y,N,0
399,kkah3080,탁의온,pass01,012-9540-8769,twif428@petnolja.com,"	서울특별시양천구오목로13길 12(신월동, 동양부로미아파트2)",201동 507호,2019-06-04,Y,,,Y,N,0
400,vezf9309,문상언,pass01,012-4123-3698,txxi828@petnolja.com,"	경기도 고양시 덕양구 화신로 170(행신동, 햇빛마을21단지아파트)",503동 909호,2020-10-24,Y,,,Y,N,0
401,kqmt588,나근우,pass01,012-6503-5400,tybj143@petnolja.com,"	서울특별시은평구역말로 59(역촌동, 진주하이츠아파트)",205동 1005호,2019-05-10,Y,,,Y,N,0
402,cnlt7710,배조림,pass01,012-6161-7499,tyiv24@petnolja.com,"	경기도 부천시 경인로 462(괴안동, 한아름아파트)",606동 805호,2019-12-03,Y,,,N,N,0
403,ecnj6388,정세희,pass01,012-4149-2670,ucoi530@petnolja.com,"	서울특별시강서구공항대로42길 54-26(내발산동, 강서월드메르디앙아파트)",809동 804호,2020-08-21,Y,,,N,N,0
404,thjt5975,방유세,pass01,012-4684-4569,udpn911@petnolja.com,"	경기도 연천군 전곡읍 은빛로 83(전곡 코아루 더클래스)",307동 505호,2019-11-28,Y,,,Y,N,0
405,wgob7452,변태운,pass01,012-3369-9602,ufnf570@petnolja.com,"	서울특별시영등포국회대로 552(당산동3가, 삼익아파트)",803동 702호,2020-05-22,Y,,,Y,N,0
406,qovj5220,은성세,pass01,012-9645-8300,ufxl197@petnolja.com,"	서울특별시강남구삼성로57길 45(대치동, 대치삼성2차아파트)",1002동 802호,2020-06-21,Y,,,Y,N,0
407,yzfy3078,조하교,pass01,012-6350-2281,uibv858@petnolja.com,"	인천광역시서구 청라루비로 106(청라동, 청라 하우스토리)",805동 503호,2020-04-06,Y,,,Y,N,0
408,mkjl11,지해영,pass01,012-2654-7586,uihf202@petnolja.com,"	경기도 의왕시 부곡시장길 63(삼동, 효성청솔아파트)",902동 907호,2020-05-14,Y,,,Y,N,0
409,ticd4005,남영주,pass01,012-1967-6197,ujsq465@petnolja.com,"	경기도 용인시 수지구 탄천상로 30(죽전동, 현인마을 이-편한세상)",901동 909호,2020-01-27,Y,,,Y,N,0
410,rglw5951,양희희,pass01,012-5823-3384,umhu855@petnolja.com,"	서울특별시마포구동교로 16-2(합정동, 한강그린2차아파트)",707동 406호,2020-03-21,Y,,,Y,N,0
411,pwzy5130,최교림,pass01,012-9891-8992,ummc136@petnolja.com,"	서울특별시중랑구동일로 501(면목동, 면목삼익아파트)",308동 405호,2020-03-01,Y,,,Y,N,0
412,luuh3329,민예림,pass01,012-2968-2356,upyt132@petnolja.com,"	서울특별시서초구논현로31길 24-17(양재동, 미영아파트)",108동 905호,2019-02-04,Y,,,Y,N,0
413,aaou7629,조근리,pass01,012-7035-6773,uqzd674@petnolja.com,"	경기도 안양시 동안구 경수대로498번길 107(호계동, 금호아파트)",705동 801호,2019-08-16,Y,,,N,N,0
414,ezfy6643,변의서,pass01,012-8459-6564,uutf492@petnolja.com,"	경기도 부천시 성곡로98번길 42(여월동, 아남아파트)",505동 503호,2020-06-03,Y,,,N,N,0
415,fnag749,우보욱,pass01,012-3550-4122,uwaf582@petnolja.com,"	인천광역시연수구함박뫼로 250(연수동, 연수풍림1차아파트)",403동 102호,2019-08-28,Y,,,Y,N,0
416,eqes8240,노아늘,pass01,012-6899-5899,uyou708@petnolja.com,"	인천광역시미추홀미추홀대로578번길 41(주안동, 경민아파트)",105동 1008호,2019-06-01,Y,,,N,N,0
417,ikfc4105,석윤효,pass01,012-2178-4080,uzvg562@petnolja.com,"	서울특별시강남구도산대로81길 69(청담동, 흥화맨션)",305동 307호,2020-09-15,Y,,,Y,N,0
418,acyd5481,조조화,pass01,012-9590-3860,uzwm733@petnolja.com,"	서울특별시노원구동일로208길 19(중계동, 중계무지개아파트)",605동 703호,2019-10-14,Y,,,N,N,0
419,bnyl1308,차슬기,pass01,012-5514-9326,vafl922@petnolja.com,"	경기도 군포시 당동로38번길 19(당동, 정일아파트)",506동 507호,2019-08-30,Y,,,N,N,0
420,ttjm7783,차민승,pass01,012-2636-0790,vane759@petnolja.com,"	경기도 성남시 분당구 불정로 219(정자동, 한솔마을청구아파트)",405동 308호,2020-05-13,Y,,,Y,N,0
421,ookk3881,구원이,pass01,012-4881-3245,vaxh773@petnolja.com,"	경기도 오산시 발안로 1353-8(누읍동, 이림아파트)",1004동 1008호,2019-06-13,Y,,,Y,N,0
422,tycm518,편희유,pass01,012-1412-1790,vbjj153@petnolja.com,"	인천광역시부평구장제로84번길 17(부평동, 예성아파트)",505동 909호,2019-09-22,Y,,,Y,N,0
423,yvct666,박순유,pass01,012-4713-2450,vewr806@petnolja.com,"	서울특별시서초구강남대로30길 73-11(양재동, 대흥아파트)",504동 208호,2021-04-17,Y,,,Y,N,0
424,iiiy3281,노윤한,pass01,012-9280-4520,vgar844@petnolja.com,"	서울특별시강남구도곡로17길 12(역삼동, 거평빌라)",802동 502호,2020-03-26,Y,,,Y,N,0
425,ceul4156,배혜옥,pass01,012-1600-3571,vjpu386@petnolja.com,"	서울특별시은평구서오릉로23길 9-8(구산동, 동익파크아파트)",208동 805호,2021-04-22,Y,,,N,N,0
426,zcep4832,노준채,pass01,012-7998-9398,vljz616@petnolja.com,"	인천광역시남동구백범로227번길 69(만수동, 삼용아파트)",405동 605호,2019-09-08,Y,,,Y,N,0
427,xtxz3790,전성임,pass01,012-6250-9944,vnde769@petnolja.com,"	서울특별시송파구올림픽로 435(신천동, 파크리오)",503동 205호,2020-07-29,Y,,,Y,N,0
428,wxml8450,지이정,pass01,012-1135-4896,vphs191@petnolja.com,"	경기도 성남시 중원구 성남대로 1000(여수동, 센트럴타운 3단지)",809동 902호,2020-01-30,Y,,,Y,N,0
429,mnvp6749,주조리,pass01,012-7587-9634,vpkr598@petnolja.com,"	서울특별시송파구위례광장로 163(장지동, 위례22단지)",404동 404호,2019-09-19,Y,,,Y,N,0
430,nsar7003,오교이,pass01,012-8148-2132,vqeq107@petnolja.com,"	경기도 고양시 덕양구 신원로 55(신원동, 신원마을5단지 우림필유아파트)",1008동 1003호,2020-07-04,Y,,,Y,N,0
431,wgce8670,구기인,pass01,012-8438-8132,vqsl465@petnolja.com,"	경기도 부천시 중동로280번길 63(중동, 중흥마을)",604동 202호,2021-04-30,Y,,,Y,N,0
432,bxbo2214,백규안,pass01,012-5894-4826,vqzu97@petnolja.com,"	경기도 군포시 고산로 596-15(산본동, 주몽마을대림아파트)",504동 205호,2020-02-13,Y,,,N,N,0
433,rivt8320,이하휘,pass01,012-6034-5376,vrgk436@petnolja.com,"	서울특별시영등포대림로34다길 16(대림동, 다청림(101동)",108동 402호,2019-10-21,Y,,,Y,N,0
434,kixg7922,남민주,pass01,012-7660-2727,vukm539@petnolja.com,"	경기도 수원시 팔달구 동말로47번길 76(화서동, 경일아파트)",602동 804호,2019-06-09,Y,,,Y,N,0
435,andd7060,손해정,pass01,012-2589-9134,vwgb543@petnolja.com,"	서울특별시동작구등용로14길 34(대방동, 신한토탈아파트)",204동 1003호,2020-12-19,Y,,,N,N,0
436,icwf9536,하이완,pass01,012-7974-8964,vxey231@petnolja.com,"	서울특별시성동구난계로 73(하왕십리동, 극동미라주 아파트)",1004동 503호,2019-11-12,Y,,,Y,N,0
437,lpgh6780,고예혜,pass01,012-7891-5554,vzdl79@petnolja.com,"	서울특별시양천구신월로11길 36(신월동, 정은스카이빌아파트)",203동 1002호,2019-10-18,Y,,,Y,N,0
438,lukm2168,안김옥,pass01,012-7878-6248,vzlr334@petnolja.com,"	경기도 시흥시 시흥대로268번길 53(능곡동, 휴먼시아)",1005동 301호,2021-02-27,Y,,,Y,N,0
439,veyy4725,임휘유,pass01,012-8321-4350,vzso271@petnolja.com,"	인천광역시미추홀경원대로897번길 35(주안동, 극동 탑 아파트)",701동 805호,2019-06-17,Y,,,Y,N,0
440,dvbq8258,류혜예,pass01,012-8288-2596,wcns357@petnolja.com,"	서울특별시동대문장한로27가길 12(장안동, 장안트윈아파트2)",308동 1001호,2019-11-06,Y,,,N,N,0
441,ozaa3838,손기린,pass01,012-2016-9524,whfo484@petnolja.com,"	경기도 구리시 건원대로76번길 134(인창동, 인창4단지주공아파트)",101동 101호,2019-01-14,Y,,,Y,N,0
442,eiji6319,탁슬란,pass01,012-2164-6240,whhm241@petnolja.com,"	경기도 수원시 권선구 호매실로218번길 22(호매실동, 호매실마을 14단지 벨섬시티)",205동 1005호,2021-02-26,Y,,,N,N,0
443,plbp3021,곽비운,pass01,012-5249-4450,whmv96@petnolja.com,"	서울특별시구로구오리로20길 26-7(궁동, 대명하이빌)",805동 1001호,2021-04-29,Y,,,Y,N,0
444,bgpm7944,곽슬혜,pass01,012-8513-3030,wicz1@petnolja.com,"	경기도 광명시 안현로 34(하안동, 하안3단지고층주공아파트)",905동 1004호,2020-09-06,Y,,,N,N,0
445,kwbm1156,한주련,pass01,012-7271-8058,wiyy501@petnolja.com,"	경기도 수원시 장안구 만석로159번길 31(정자동, 경남아너스빌)",803동 505호,2020-11-14,Y,,,Y,N,0
446,jrvp7232,민소인,pass01,012-2939-5969,wjpw935@petnolja.com,"	경기도 수원시 권선구 권중로 31(권선동, 풍림,신안아파트)",101동 802호,2020-07-12,Y,,,Y,N,0
447,phwc3548,주가소,pass01,012-8909-2794,wnns418@petnolja.com,"	경기도 하남시 덕풍공원로 38(덕풍동, 하남자이)",804동 505호,2020-02-09,Y,,,Y,N,0
448,tjdu361,도고세,pass01,012-3620-7540,worj902@petnolja.com,"	서울특별시서초구명달로4길 82(서초동, 애지앙아파트)",806동 306호,2020-05-24,Y,,,Y,N,0
449,nwim8913,편주송,pass01,012-4283-7700,wpnu228@petnolja.com,"	경기도 수원시 권선구 세권로207번길 16(권선동, 금성아파트)",505동 702호,2020-11-03,Y,,,Y,N,0
450,owmq7325,안솔임,pass01,012-3430-7016,wrlv732@petnolja.com,"	서울특별시서초구서초대로 350(서초동, 서초동동아빌라트)",806동 603호,2020-08-03,Y,,,Y,N,0
451,sxcj182,김가림,pass01,012-6696-5164,wwxz686@petnolja.com,"	경기도 양주시 백석읍 꿈나무로 325(동화6차 옥시죤아파트)",401동 102호,2020-03-06,Y,,,Y,N,0
452,rrnf9775,정유채,pass01,012-7581-4637,wxht247@petnolja.com,"	서울특별시관악구은천로15길 24(봉천동, 봉천벽산블루밍3차아파트)",503동 502호,2020-05-31,Y,,,Y,N,0
453,qhzw8372,윤연승,pass01,012-1260-5532,wzdr598@petnolja.com,"	서울특별시광진구아차산로58가길 11(구의동, 구의동 남청아파트)",905동 502호,2021-04-08,Y,,,Y,N,0
454,cgfu8072,김서향,pass01,012-6427-6078,xafr51@petnolja.com,"	인천광역시미추홀독배로 141(학익동, 동양화학사원아파트)",805동 504호,2019-09-06,Y,,,N,N,0
455,qkie7215,편비지,pass01,012-1340-8087,xaoz881@petnolja.com,"	서울특별시강남구도곡로57길 12(역삼동, 역삼2차아이파크)",405동 901호,2020-03-20,Y,,,Y,N,0
456,vqyr6569,방명송,pass01,012-5653-5951,xbxs99@petnolja.com,"	서울특별시관악구남부순환로248길 78(봉천동, 아이펠리스아파트)",405동 708호,2020-01-01,Y,,,Y,N,0
457,kpxr9478,허세운,pass01,012-6572-1704,xguv230@petnolja.com,"	경기도 안양시 만안구 병목안로130번길 83(안양동, 효성아파트)",207동 808호,2020-02-12,Y,,,Y,N,0
458,lpvn4810,남동지,pass01,012-4914-3659,xnkv815@petnolja.com,"	경기도 부천시 성지로41번길 31(원종동, 하림골든뷰APT)",604동 101호,2019-12-25,Y,,,Y,N,0
459,ziiy8951,고원화,pass01,012-5830-8590,xpfx567@petnolja.com,"	경기도 고양시 일산서구 일청로65번길 28(일산동, 미주7차아파트)",605동 805호,2019-05-23,Y,,,Y,N,0
460,fdtd1302,우여승,pass01,012-4980-9489,xpsv309@petnolja.com,"	서울특별시동작구사당로20나길 57(사당동, 케이씨씨아파트)",509동 701호,2019-01-27,Y,,,Y,N,0
461,sswa3375,허연비,pass01,012-7675-4141,xsjs734@petnolja.com,"	경기도 김포시 사우중로73번길 11(북변동, 풍년마을청구한라아파트)",406동 508호,2019-01-11,Y,,,Y,N,0
462,sxle44,강률영,pass01,012-4615-8692,xyez717@petnolja.com,"	서울특별시동대문약령시로 25(제기동, 안암골 벽산아파트)",302동 507호,2021-04-09,Y,,,Y,N,0
463,rbyq6233,탁준욱,pass01,012-2681-7341,xyzg682@petnolja.com,"	서울특별시노원구덕릉로 721(중계동, 정진아트리움)",805동 901호,2019-12-01,Y,,,Y,N,0
464,dcth7222,신민휘,pass01,012-7978-4280,xzqp999@petnolja.com,"	서울특별시송파구송파대로32길 15(가락동, 가락금호아파트)",302동 605호,2019-11-05,Y,,,N,N,0
465,frku390,방근휘,pass01,012-8425-2601,yang318@petnolja.com,"	서울특별시중랑구면목로38길 13(면목동, 강호아파트)",402동 301호,2020-09-14,Y,,,Y,N,0
466,tamb5665,변하지,pass01,012-8807-8230,yase975@petnolja.com,"	경기도 광명시 하안로 204(소하동, 동양1차아파트)",704동 804호,2021-01-15,Y,,,Y,N,0
467,xhze1361,은하기,pass01,012-8998-7321,ydni549@petnolja.com,"	서울특별시강남구압구정로71길 32(청담동, 청담파라곤2차 1단지)",804동 902호,2020-09-23,Y,,,Y,N,0
468,xync9311,남하화,pass01,012-4096-1840,ydrx133@petnolja.com,"	서울특별시영등포당산로 214(당산동5가, 당산 삼성 래미안)",807동 905호,2020-06-05,Y,,,Y,N,0
469,qbob2470,석정향,pass01,012-5613-5608,ygab513@petnolja.com,"	서울특별시양천구오목로52길 19-1(목동, 신한훼미리아파트)",309동 806호,2019-06-12,Y,,,Y,N,0
470,lclg4829,추가정,pass01,012-5064-8460,yhkr114@petnolja.com,"	경기도 수원시 권선구 매송고색로533번길 7(오목천동, 태산아파트)",407동 705호,2019-04-07,Y,,,Y,N,0
471,bugy3965,하승지,pass01,012-5949-7881,ymsc574@petnolja.com,"	서울특별시구로구경인로6길 30(오류동, 동부그린아파트)",909동 808호,2019-01-13,Y,,,N,N,0
472,nagn6863,차혜율,pass01,012-3142-9917,yolc229@petnolja.com,"	서울특별시강동구양재대로113길 53(길동, 예건타워빌아파트)",705동 105호,2021-03-28,Y,,,Y,N,0
473,weou8320,임해령,pass01,012-5086-5677,ypch684@petnolja.com,"	서울특별시서초구반포대로39길 63-8(반포동, 반포서래월드메르디앙라스칼라)",508동 602호,2019-11-02,Y,,,Y,N,0
474,gzli3828,권상호,pass01,012-7903-6388,ypma791@petnolja.com,"	서울특별시중랑구신내로 51(신내동, 성원아파트)",106동 101호,2019-01-15,Y,,,Y,N,0
475,sjcu3671,이비효,pass01,012-7564-1186,yqdc824@petnolja.com,"	서울특별시구로구연동로 234(항동, 하버라인 2단지)",608동 509호,2020-02-01,Y,,,Y,N,0
476,akda9639,남하효,pass01,012-8704-2853,yqfi833@petnolja.com,"	서울특별시양천구은행정로11나길 10(신정동, 지오프레저아파트)",803동 308호,2019-11-15,Y,,,N,N,0
477,lkdy96,문다운,pass01,012-3189-0710,yrnc777@petnolja.com,"	서울특별시동대문장한로6길 25-4(장안동, 형인허브빌아파트 201동)",709동 409호,2019-11-08,Y,,,Y,N,0
478,nrna7508,석성신,pass01,012-4320-4784,ytce298@petnolja.com,"	경기도 부천시 성곡로69번길 107(도당동, 푸른솔아파트)",603동 101호,2021-02-12,Y,,,Y,N,0
479,rlxg6432,곽소채,pass01,012-6493-6293,ytey842@petnolja.com,"	서울특별시서초구효령로45길 11(서초동, 로얄파크)",608동 905호,2020-09-01,Y,,,Y,N,0
480,vhsc1463,문양연,pass01,012-4559-3161,ywje271@petnolja.com,"	서울특별시강서구등촌로13자길 79(화곡동, 화곡동예다움아파트)",305동 707호,2019-03-03,Y,,,Y,N,0
481,pjwu7112,곽슬래,pass01,012-2621-6006,yxie396@petnolja.com,"	경기도 남양주시 화도읍 수레로 1142-19(현대2차아파트)",706동 607호,2019-12-31,Y,,,Y,N,0
482,yfki7444,고조소,pass01,012-9619-8474,zafx353@petnolja.com,"	경기도 성남시 분당구 미금로 23(구미동, 무지개마을대림아파트)",804동 307호,2019-03-27,Y,,,Y,N,0
483,vgix2586,전정율,pass01,012-2016-6170,zbcu18@petnolja.com,"	서울특별시관악구관천로26길 30(신림동, 보라매아파트)",602동 208호,2019-03-10,Y,,,Y,N,0
484,vndg9685,진경비,pass01,012-4739-3870,zezm447@petnolja.com,"	서울특별시용산구보광로5길 40(보광동, 리버빌아파트)",201동 905호,2019-11-29,Y,,,Y,N,0
485,grif2987,임영림,pass01,012-7439-5130,zfoy376@petnolja.com,"	서울특별시영등포선유동2로 23(양평동3가, 현대아파트)",408동 905호,2019-07-26,Y,,,Y,N,0
486,jxnd9156,류명옥,pass01,012-3927-4180,zkcn809@petnolja.com,"	경기도 수원시 권선구 서부로 1534(고색동, 대한아파트)",302동 407호,2020-12-13,Y,,,Y,N,0
487,aofd4437,주솔송,pass01,012-7487-3079,zkvf431@petnolja.com,"	경기도 시흥시 한우물로 41(거모동, 아주아파트)",701동 101호,2020-07-31,Y,,,N,N,0
488,nisf2515,조하휘,pass01,012-9164-7160,znyd586@petnolja.com,"	경기도 평택시 팽성읍 동서촌로153번길 12(수청아파트)",607동 202호,2019-08-02,Y,,,Y,N,0
489,nqux6726,원주빈,pass01,012-6924-6663,znyr378@petnolja.com,"	서울특별시송파구동남로18길 9(가락동, 극동아파트)",208동 801호,2019-02-06,Y,,,Y,N,0
490,jxuj4656,석진란,pass01,012-9856-4689,zozq730@petnolja.com,"	경기도 의정부시 동일로466번길 3(신곡동, 서해아파트)",405동 402호,2020-09-17,Y,,,Y,N,0
491,kdcx776,안슬희,pass01,012-2168-4472,zpsr599@petnolja.com,"	경기도 수원시 장안구 서부로 2065(율전동, 삼성아파트)",503동 303호,2020-05-21,Y,,,Y,N,0
492,ifua9402,곽세세,pass01,012-9668-0290,zrmc324@petnolja.com,"	경기도 수원시 팔달구 중부대로183번길 27(우만동, 동수원신도브래뉴)",107동 1009호,2021-01-07,Y,,,Y,N,0
493,jltv6589,나재성,pass01,012-3529-6029,zrog236@petnolja.com,"	경기도 남양주시 호평로 149(호평동, 호평마을중흥에스클래스아파트)",704동 506호,2020-01-21,Y,,,Y,N,0
494,eomk1370,신채은,pass01,012-8972-4355,zskb217@petnolja.com,"	경기도 평택시 포승읍 서동대로 1297-13(안중플러스빌아파트)",407동 701호,2020-06-04,Y,,,N,N,0
495,runj804,이현온,pass01,012-1730-9350,zspo240@petnolja.com,"	서울특별시구로구디지털로27길 120-11(구로동)",404동 606호,2020-08-25,Y,,,Y,N,0
496,sama5317,구한세,pass01,012-4822-2170,zujh922@petnolja.com,"	인천광역시남동구남촌로84번길 38(남촌동, 남촌3차풍림아파트)",401동 604호,2021-02-08,Y,,,Y,N,0
497,sfjf9242,나우한,pass01,012-2632-1080,zyet581@petnolja.com,"	서울특별시구로구오리로 1102-10(천왕동, 천왕연지타운2단지)",609동 602호,2020-09-30,Y,,,Y,N,0
498,khks8443,김병신,pass01,012-4012-4773,zyhc79@petnolja.com,"	경기도 고양시 일산서구 주엽로 98(주엽동, 문촌마을17단지아파트)",708동 702호,2019-07-10,Y,,,Y,N,0
499,dkzz5599,강준령,pass01,012-2818-5668,zyzf418@petnolja.com,"	경기도 용인시 처인구 포곡읍 포곡로297번길 11-1(신우리버빌)",802동 802호,2020-01-19,Y,,,N,N,0
